1|Hopla!|Belgium|Brussels|CIRCUS|||2025-04-26|2025-05-02|0||late April–early May|Hopla! is a vibrant circus festival held in Brussels, Belgium. It features a variety of circus performances, street art, and music, celebrating the city's rich cultural heritage. The festival aims to connect circus artists with the people of Brussels, fostering wonder, curiosity, and self-transcendence through various performances. Throughout the week, Hopla! brings shows to different neighborhoods in Brussels, while the weekend features performances in central locations such as Vismet, Place Sainte-Catherine, Place du Béguinage, and Square Marguerite Duras. The event is largely free, though some indoor performances may require reservations.|||UNKNOWN|https://www.hopla.brussels/
2|Miramiro Summer Festival|Belgium|Ghent|STREET|steven@miramiro.be celine@miramiro.be|Celine Verkest / Steven De Jonge|||1|Celine Verkest / 
Steven De Jonge|mid to late July|The Miramiro Summer Festival 2025 promises a spectacular edition filled with circus performances from the Ghent circus workshop, offering numerous shows for all ages. The festival will feature a variety of performances and entertainment, including music and circus acts, making it a vibrant and exciting event for attendees of all ages.|||UNKNOWN|https://miramiro.be/en/festival/circus-cravings/
3|Namur En Mai|Belgium|Namur|STREET|||2025-05-23|2025-05-26|1|nan|mid May|Namur en Mai is a vibrant street festival held annually in the city of Namur, Belgium. It features a variety of cultural performances, street art, music, and local cuisine, attracting visitors from all over the country and beyond. The festival includes acrobatics, juggling, dance, puppet shows, and a mix of traditional and innovative performances.|||UNKNOWN|https://namurenmai.org
4|Zomer Van Antwerpen|Belgium|Antwerp|STREET|programma@zva.be||2025-08-22|2025-08-31|1|nan|late June–late August|The Summer of Antwerp (Zomer van Antwerpen) is a vibrant street festival featuring theater, music, circus, and film performances in unexpected locations throughout the city. It includes a mix of local and international performances, with highlights such as 'Falstaff,' 'Efectos Especiales,' and 'The Conference of the Birds.' The festival is accessible to all, with additional materials for wheelchair users and the deaf community.|||UNKNOWN|https://www.zva.be/2013/nl/programma/circus-zomerbar
5|Chassepierre|Belgium|Chassepierre|STREET|online|Nan|||1|nan|mid-August|The Chassepierre Festival is an annual International Festival of Street Arts that transforms the village of Chassepierre into a vibrant hub for street theater and circus performances. It features a diverse lineup of professional companies from the circus and street arts sectors, attracting artists and spectators from across Europe and beyond.|||UNKNOWN|https://www.chassepierre.be
6|Festival Up|Belgium|Brussels|CIRCUS|artistes@upupup.be||||1||late August|The Festival UP Belgium 2025 is part of the 31st season of UP – Circus & Performing Arts, which has been supporting contemporary circus for 26 years in Brussels, Belgium, and internationally. The festival includes various events and performances focused on circus arts and performing arts.|||EMAIL|https://upupup.be/infos-pratiques/
7|La Piste Aux Espoirs|Belgium|Tournai|STREET|info@lapisteauxespoirs.com||||1|nan|mid April|La Piste aux Espoirs is an international contemporary circus festival featuring a variety of performances, including street shows, innovative creations, and family-friendly activities. The festival collaborates with Maison de la Culture de Tournai and offers workshops, games, and networking opportunities for professionals and the public.|||UNKNOWN|http://www.lapisteauxespoirs.com/
8|BITEF Festival|Serbia|nan|STREET|Ksenija Đurović ksenija.djurovic@bitef.rs|nan|||1|nan|september||||UNKNOWN|https://festival.bitef.rs/en
9|Berlin Lacht|Germany|Berlin|STREET|info@berlin-lacht.de|Festival Organizer|2024-06-14|2024-06-16|0||early August to mid-September|Berlin Lacht is an international street theater festival that brings together extraordinary artists from various nations to perform in Berlin. The festival features comedy acts, live music, and street performances, celebrating humor and entertainment in the heart of Berlin. The 2025 edition will take place at two main locations: Potsdamer Platz (August 5 to August 24) and Washingtonplatz (Berlin Hauptbahnhof) (August 26 to September 15).|||UNKNOWN|https://berlin-lacht.de
10|Sounddance Festival|Germany|Berlin|STREET|info@soundance-festival.de||||0|Contemporary Dance|mid June|The Soundance Festival is known for its unique blend of dance, music, and text, offering a variety of performances that are choreographed, improvised, instrumental, live, or recorded. Each performance is distinct in its artistic style, making the festival a standout event for enthusiasts of contemporary dance and music.|||UNKNOWN|https://opencall.soundance-festival.de/
11|Artlake|Germany|Bad Schandau|STREET|booking@artlake-festival.de|Nan|2025-08-29|2025-09-01|0|Weird|end of August|The Artlake Festival is an annual event held in Germany that combines music, art, and workshops. It is known for its diverse array of cultural activities and has become a favorite among music and art enthusiasts. The festival typically features live bands, DJs, workshops, and various forms of artistic expression, creating a vibrant and creative atmosphere. It is celebrated for its community spirit and the opportunity it provides for attendees to actively participate in various art forms. The festival is held in scenic locations, often near lakes, which adds to the overall experience.|||UNKNOWN|https://artlake-festival.de/
12|Theaterformen|Germany|Hannover|STREET|welcome@theaterformen.de||||1|nan|mid–late June|The Theaterformen festival in Germany for 2025 features a variety of contemporary productions by international artists, including performances, lectures, documentaries, musicals, and choreographed excursions into nature. Notable performances include 'A Year Without Summer' and 'Los días afuera / The days out there' by Lola Arias. The festival also includes a Festival Campus Niedersachsen for students and emerging artists.|||UNKNOWN|https://www.theaterformen.de/news
13|Brighton Festival|United Kingdom|Brighton|OTHER|info@brightonfestival.org||||0||May|The Brighton Festival in the United Kingdom for 2025 promises to be an exciting and diverse celebration of the arts, featuring a wide range of events across various art forms, including music, theatre, dance, circus, visual arts, film, literature, and debate. The festival will be curated by Grammy-nominated musician and composer Anoushka Shankar, inspired by the theme of ‘New Dawn’.|||UNKNOWN|https://brightonfestival.org
14|Spettacolo Brunnen|Switzerland|Brunnen|STREET|artist@spettacolo-brunnen.ch||||0|not accepting|mid-August|The Spettacolo Brunnen is an international street artist festival held in Brunnen, Switzerland. This biennial event features over 50 street artists from around the world, transforming the Brunnen lakeside promenade into a vibrant cultural spectacle with performances and a food mile.|||UNKNOWN|https://spettacolo-brunnen.ch/
15|Artistic Dance Festival|Bulgaria|Sofia|STREET|info@antistaticfestival.org||||1|nan|mid May|A contemporary dance and performance festival with a theme of 'Signs of Resistance.' It aims to explore how movement can reframe boundaries and includes performances by various artists.|||UNKNOWN|http://antistaticfestival.org/en/
16|Mini Art Festival|Bulgaria|Nan|STREET|miniartfest@gmail.com|Nan|||1|Geo Kalev / Galina Ryom-Røjbek|June||||UNKNOWN|https://en.miniartfest.com/
17|Buskers Chur|Switzerland|Chur|STREET|info@buskers-chur.ch|Nan|||1|nan|early June|The Buskers Chur festival transforms the alpine city of Chur into a vibrant cultural hub under the open sky, featuring over 70 international artists from 20 different nations. The event offers a diverse program blending music, theater, circus acts, and artistic performances with more than 200 shows over two days. Attendees are encouraged to purchase a festival wristband and contribute 'hat money' for the performances.|||UNKNOWN|https://buskers-chur.ch/info/
18|Copenhagen Circus Festival|Denmark||STREET|sarah garde x-act@kittjohnson.dk||||1|nan|||||UNKNOWN|https://www.kittjohnson.dk/english/contact
19|Dynamo Circus Festival|Denmark|Odense|STREET|for residencies: gry@dynamoworkspace.dk open stage: gry@dynamoworkspace.dk||||1|nan|mid June|The Dynamo Circus Festival in Denmark celebrates contemporary circus arts, featuring acrobatics, juggling, clowning, puppet shows, live performances, music, workshops, and film screenings. The festival includes events such as live concerts, open stage performances, and late-night afterparties. It also offers open circus training at the Circus Playground and a film competition called '60secondscircusfilm'.|||UNKNOWN|https://dynamoworkspace.dk/festival/
20|Passage Festival|Denmark|nan|STREET|passagefestival@helsingor-teater.dk|nan|||1|nan|Juli||||UNKNOWN|https://passagefestival.nu/en/home/
21|Waves Festival|Denmark|Vordingborg|STREET|malco@cantabile2.dk||||1|next 25|late August|A six-day event featuring a variety of performances including dance, contemporary circus, comedy, and visual performing arts. The festival hosts 19 performing arts companies from 13 different countries, making it one of Denmark's largest curated international performing arts festivals.|||UNKNOWN|https://www.wavesfestival.dk/en/
22|Klp Festival|Germany|Mützingen|STREET|info@muetzingenta.de k.grasnick@gmx.de||2025-05-15|2025-05-17|1|nan|late May–early June|The KLP Festival is the largest self-organized cultural festival in Northern Germany, held annually between Ascension Day and Pentecost. It features live music, local food stalls, art exhibitions, and various cultural performances at multiple locations, including the Gasthof Meuchefitz.|||UNKNOWN|https://nan
23|Dance In The City - Festival Tanzende Stadt|Germany||STREET|info@irene-k.be||||0||||||UNKNOWN|https://www.irene-k.be/
24|Bamberg|Germany|Bamberg|STREET|||||1|nan|mid July|The 'Bamberg Zaubert' festival is an annual event held in Bamberg, Germany, that transforms the historic city center into a vibrant stage for international street and variety performances. It features over 500 performances across approximately 20 stages, showcasing a diverse range of acts including magic, acrobatics, juggling, fire and light shows, and music. It attracts around 250,000 visitors each year and includes performances by over 100 international artists.|||UNKNOWN|http://www.bamberg-zaubert.de/
25|Düsseldorf Festival Full Spin|Germany|Düsseldorf|STREET|leoni@duesseldorf-festival.de|Nan|||1|nan|mid-September|The Düsseldorf Festival, which began in 1991 as Altstadtherbst, has grown into a significant event featuring a variety of performing arts including music, dance, theater, and new circus. The festival presents international productions and performances at various venues across the city, including Burgplatz.|||UNKNOWN|https://www.fullspinfestival.de/
26|Festival No Elephants - Freiburger Zirkustage|Germany|nan|STREET|ewerk@ewerk-freiburg.de|nan|||1|nan|nan||||UNKNOWN|https://ewerk-freiburg.de/programmatik/festivals-2/
27|Neuland Festival Winter Varieté|Germany|Oldenburg, Schortens, Cuxhaven|CIRCUS|mail@kultur-perspektiven.de||2025-11-28|2025-12-07|1||late November–early December|The Neuland Winter-Varieté features a new program combining air acrobatics, artistry, juggling, humor, dance, and live singing, with performers from various countries including Japan, Germany, Italy, Denmark, Switzerland, France, and the USA. The show is approximately two hours long, including an intermission, and is suitable for all ages.|||EMAIL|https://www.kultur-perspektiven.de
28|Freeman Festival|Germany|Munich|CIRCUS|info@wannda.de||2025-09-13|2025-09-14|0||mid September|Festival for contemporary circus with various cultural events, workshops, and performances.|||EMAIL|https://wannda.de/kontakt/
29|Brückensensationen Festival|Germany|Rheinfelden|STREET|kulturamt@rheinfelden-baden.de||||0|nan||The Brückensensationen Festival in Rheinfelden, Germany, is a vibrant street art festival that takes place annually. The festival is known for its unique setting around the old Rhine Bridge, which connects Switzerland and Germany, turning the area into a large open-air stage. The event features a variety of performances, including street theater, music, and other artistic displays, attracting around 12,000 visitors each year. The festival typically spans three days and includes numerous food and drink stalls, adding to the festive atmosphere.|||UNKNOWN|https://www.rheinfelden.de/brueckensensationen
30|Freiart Festival|Germany|Freiburg|STREET|info@freiartfestival.com|Nan|||1|DANCE|mid-September|The Frei Art Festival 2025 is an international dance and culture festival featuring performances, workshops, and seminars. It includes a variety of contemporary and urban dance sessions led by renowned artists, special events with short pieces by international choreographers, and residencies for selected artists.|||UNKNOWN|https://www.freiartfestival.com
31|Hut Festival|Germany|Nan|STREET|a.grimm@c3-chemnitz.de|Nan|2025-08-29|2025-08-31|1|Anne Grimm|nan|The Hut Festival is a vibrant street festival held in Chemnitz, Germany. It features a variety of street performances, live music, local food stalls, and art exhibitions. The festival celebrates the cultural diversity and creativity of the region, attracting both locals and tourists.|||UNKNOWN|https://www.hutfestival.de/
32|Impulse Festival|Germany|Mülheim An Der Ruhr, Cologne, Düsseldorf|THEATRE|info@impulsefestival.de|Franziska Werner|2025-06-18|2025-07-06|1||late June–early July|A significant platform for independent theater in the German-speaking world, featuring showcase productions, the 'Post-West' programming strand, and a range of discursive formats, workshops, and parties. The 2025 edition explores the theme 'Gottes Garten' (God's Garden) and examines aspects of a post-Western society.|||EMAIL|https://www.impulsefestival.de
33|Outnow Festival|Germany|nan|STREET|https://outnowbremen.de/wp-content/uploads/2022/06/OUT23Ausschreibung_Form_DE.pdf|nan|||1|nan|nan||||UNKNOWN|https://outnowbremen.de/
34|Sommerpalast|Germany|nan|STREET|info@sommerpalast.de|nan|||1|nan|nan||||UNKNOWN|https://www.sommerpalast.de/
35|Palaisommer Dresden|Dresden|nan|STREET|polenz@palaissommer.de|nan|||1|nan|nan||||UNKNOWN|https://palaissommer.de/
36|Theater Op de Mark|Festival|nan|STREET|theateropdemarkt@limburg.be|nan|||1|nan|Okt/ Nov||||UNKNOWN|https://theateropdemarkt.be/
37|Viathea|Germany|Görlitz And Zgorzelec|STREET|viathea@g-h-t.de|Nan|||1|nan|end of June|The ViaThea Street Theater Festival is an international festival held annually in the cities of Görlitz and Zgorzelec. It transforms the streets and squares into an open-air stage, offering a diverse program of theater, dance, performance art, circus, and other art forms. The festival presents traditional and experimental theater and dance forms, performance art, contemporary circus, audio walks, and participatory projects in public spaces. It emphasizes togetherness, accessibility, and integration, with special accessibility information and a 'Rolli Podest' supported by the 'Barrier-Free Construction' investment program.|||UNKNOWN|https://viathea.de/kuenstler/
38|Lesliehof Graz|Austria|Graz|STREET|nan|Nan|||0|nan|August and December|The Lesliehof in Graz hosts several exciting events in 2025, including the Leslie Open Air Cinema from August 11 to 30, featuring international classics and Austrian films, and the Grazer ARTvent Markt, an advent market from November 28 to December 23, showcasing artisanal crafts and culinary delights.|||UNKNOWN|https://nan
39|Lendwirbel Graz|Graz|nan|STREET|office@lendwirbel.at|nan|||0|nan|nan||||UNKNOWN|https://www.lendwirbel.at/
40|Steirischer Herbst|Graz|nan|STREET|info [|nan|||0|nan|nan||||UNKNOWN|https://www.steirischerherbst.at/de/
41|Theaterland Steiermark|graz|nan|STREET|fasshuber@theaterland.at|nan|||1|Peter Fasshuber|nan||||UNKNOWN|https://www.theaterland.at/2021/theaterland-steiermark-2.21/index.html
42|Kultursommerwien|Austria|Vienna|STREET|||2025-06-26|2025-08-10|1||late June–early August|The Kultursommer Wien (Vienna Summer of Culture) transforms various locations across Vienna into open-air stages, offering a diverse program of free cultural events. The festival features cabaret, literature, music, dance, theater, and contemporary circus, with special offerings like family programs and participatory workshops. The 2025 edition runs under the motto 'Culture is where you are' and includes over 2,000 artists and 500 acts across 28 venues in 17 districts.||2025-12-01|FORM|
43|Festival Belluard|Fribourg|nan|STREET|Diane Fleury: diane@belluard.ch Gionata Morganti: gionata@belluard.ch|nan|||1|nan|nan||||UNKNOWN|https://belluard.ch/de
44|Garmisch-Partenkirchen|Garmisch|nan|STREET|Zeitwanderer Application|nan|||0|nan|nan||||UNKNOWN|Zeitwanderer.att
45|Tollwood Weihnachstsmarkt|Gemany|nan|STREET|joana.hoelcke@tollwood.de|nan|||0|nan|nan||||UNKNOWN|https://www.tollwood.de/
46|Internationales Pantomime Theater Festival|Germany|nan|STREET|info@mimedresden.de|nan|||1|nan|nan||||UNKNOWN|https://mimedresden.de/
47|ATOLL|Germany|nan|STREET|info@tollhaus.de|nan|||1|nan|September||||UNKNOWN|https://www.tollhaus.de/de/214/atoll.html
48|Gassenstationen|Germany|nan|STREET|info@gassensensationen.de|nan|||1|nan|Juli||||UNKNOWN|https://gassensensationen.de/kuenstler/
49|La Strada|Germany|nan|STREET|application@lastrada-bremen.de|nan|||1|nan|nan||||UNKNOWN|https://lastrada-bremen.de/bewerbung
50|Tête à Tête|Germany|nan|STREET|info@tete-a-tete.de|nan|||1|nan|Juni||||UNKNOWN|https://www.tete-a-tete.de/de/festival/info/
51|Zirkart Festival|Germany|nan|STREET|info@zirkart.de|nan|||1|nan|september||||UNKNOWN|http://zirkart.de/
52|Larupina|Hamburg|nan|STREET|info@lurupina.de|nan|||1|nan|nan||||UNKNOWN|https://lurupina.de
53|Composé festival|Jena|nan|STREET|mail@compose-festival.de|nan|||1|nan|September||||UNKNOWN|https://www.compose-festival.de/
54|Villach Festival|Austria|Villach|STREET|stadtmarketing@villach.at||2025-07-01|2025-07-05|1||early July|The Villach Street Art Festival transforms the city center into a vibrant stage for approximately 100 international street artists from ten different nations. Attendees can expect a diverse program featuring jugglers, mimes, acrobats, musicians, comedians, and fire-eaters who perform as dusk settles. Performances will be held in various central locations, including Hauptplatz, Rathausplatz, and Kirchenplatz. The festival is free to attend, and artists typically rely on donations from the audience.|||EMAIL|https://villach.at/stadt-erleben/kultur/strassenkunstfestival
55|Circus Dance Festival|Köln|nan|STREET|malte@overhead-project.de|nan|||1|Malte Garrecht|nan||||UNKNOWN|https://www.circus-dance-festival.de/
56|Circustage Kufstein|Kufstein|nan|STREET|schobesberger@circustage.at|nan|||0|nan|Januar||||UNKNOWN|https://www.circustage.at/
57|At.Tension|Lärz|nan|STREET|theater@ kulturkosmos.de|nan|||1|nan|nan||||UNKNOWN|http://www.attension-festival.de/2019/de/kontakt.php
58|Cirkl|Leuwen|nan|STREET|info@cirklabo.be|nan|||0|nan|Mai||||UNKNOWN|https://www.cirklcircus.be/en/home
59|Olala Lienz|Austria|Lienz|STREET|info@ummigummi.at|Theresa And Elisa Mutschlechner|2025-07-22|2025-07-26|1|hans mutschlechner|late July|An international street theater and circus festival held annually in Lienz, Austria. The festival features street art, acrobatics, comedy, juggling, interactive productions, music, and colorful walking acts. The 2025 edition includes a metaphysical circus performance and the Olala midday parade on Saturday.|||EMAIL|http://www.olala.at/ueber-olala/
60|Linzer Pflasterspektakel|Austria|Linz|CIRCUS|pflasterspektakel@linz.at||2025-07-17|2025-07-19|0||mid July|The Linzer Pflasterspektakel is an international street art festival featuring acrobatics, juggling, dance, comedy, clowning, pantomime, magic, figure and object theatre, high-wire and fire artistry, and music. Approximately 108 international artists and companies from 34 countries perform around 800 shows across 40 venues in the city center. Special features include the Kaleidoskop-Revue and musical nightlines in city center pubs, as well as a Children's Spectacle with expanded activities in the Donaupark.|||EMAIL|https://pflasterspektakel.at/de/
61|Ana Desetnica - International Street Art Festival|Ljubljana|nan|STREET|goro.anamonro@gmail.com|nan|||0|nan|nan||||UNKNOWN|https://www.anamonro.si/en/pillar/ana-desetnica/
62|Floating Castle Festival|Ljubljana|nan|STREET|kuralt.vesna@gmail.com floatingcastle.programme@gmail.com|nan|||1|nan|nan||||UNKNOWN|https://www.floatingcastle.si/sl/floating/2021/home
63|Flying Carpet Festival|Mardin|nan|STREET|sahbakia@sirkhane.org|nan|||1|nan|nan||||UNKNOWN|https://www.flyingcarpetfestival.org/
64|Maribor Theater Festival|Maribor|nan|STREET|dasa.sprincnik@borstnikovo.si|nan|||1|nan|nan||||UNKNOWN|https://www.borstnikovo.si/en/
65|Circo Circolo|Nederlande|nan|STREET|Stephan@festivalcircolo.nl|nan|||1|nan|nan||||UNKNOWN|https://www.festivalcircolo.nl/
66|Boulevard Theaterfestival|Niederlande|nan|STREET|tessa@festivalboulevard.nl|nan|||1|nan|nan||||UNKNOWN|https://www.festivalboulevard.nl/
67|Circus Festival Breda|Niederlande|nan|STREET|info@circusfestivalbreda.nl|nan|||1|Maryon Keldermans|nan||||UNKNOWN|https://circusfestivalbreda.nl/
68|Cirque Mania Festival|Niederlande|nan|STREET|info@korzo.nl|nan|||1|nan|nan||||UNKNOWN|https://korzo.nl/en/themes/cirque-mania/
69|Deventer Op Stelten|Niederlande|nan|STREET|pers@eventsdeventer.nl|nan|||1|nan|nan||||UNKNOWN|https://www.deventeropstelten.nl/
70|Oerol|Niederlande|nan|STREET|programma@oerol.nl Wendy Moonen|nan|||1|nan|nan||||UNKNOWN|https://www.holland.com/de/tourist/aktivitaten/veranstaltungen/oerolfestival-8.htm
71|Reuring|Niederlande|nan|STREET|programmering@reuring.com|nan|||1|Adriaan Bruin|Juli||||UNKNOWN|https://www.reuring.com/
72|Spoffin|Niederlande|nan|STREET|festival@spoffin.nl|nan|||1|January until 28 February 2024|August||||UNKNOWN|https://spoffin.eu/
73|Paderborn Festival|nan|nan|STREET|nan|nan|||1|nan|nan||||UNKNOWN|nan
74|Paderborn Messe|Paderborn|nan|STREET|info@performance-paderborn.de|nan|||0|nan|Kein Festival sondern Messe||||UNKNOWN|https://www.paderborn.de/microsite/performance/
75|Podersdorf|Podersdorf|nan|STREET|Zeitwanderer Application|nan|||0|nan|nan||||UNKNOWN|Zeitwanderer.at
76|International Mime Art Festival|Poland|nan|STREET|mimefestival@mimowie.pl|nan|||1|mime|October||||UNKNOWN|mimefestival.pl
77|Carnaval Sztuk-Mistrzów|Polen|nan|STREET|info@sztukmistrze.eu / marta.kuczynska@sztukmistrze.eu|nan|||1|Rafał Sadownik
Iwona Kornet Marta Kuczyńska|nan||||UNKNOWN|https://sztukmistrze.eu/
78|Cirkulaje|Polen|nan|STREET|kontakt@sztukmistrze.pl|nan|||0|nan|Newyear||||UNKNOWN|www.sztukmistrze.pl/cyrkulacje?fbclid=IwAR2Zme4eYPTN4B6gNZ_GXA5NUtScw0l7s1V270BQbIgKrS1q68IM21psK2E
79|Malta Festival Poznań|Polen|nan|STREET|office@malta-festival.pl|nan|||1|nan|nan||||UNKNOWN|https://malta-festival.pl/en
80|OFCA Festival|Polen|nan|STREET|biuro@festiwalofca.pl|nan|||1|nan|nan||||UNKNOWN|https://festiwalofca.pl/en/
81|Cirkopolis|Prag|nan|STREET|adela@cirqueon.cz|nan|||0|Adéla Brabcová|February||||UNKNOWN|https://www.cirkopolis.cz/
82|Ruhrfestspiele|Recklinghausen|nan|STREET|info@ruhrfestspiele.de|nan|||1|nan|nan||||UNKNOWN|https://www.ruhrfestspiele.de/
83|Kulturpflaster|Regensburg|nan|STREET|kontakt@mischkultur.org|nan|||1|nan|nan||||UNKNOWN|https://www.mischkultur.org/
84|Circusstad|Netherlands|Rotterdam|CIRCUS|menno@circusstad.nl||2025-04-30|2025-05-04|0||late April–early May|Circusstad Rotterdam 2025 is a vibrant hub of contemporary circus arts featuring five days of spectacular performances, workshops, and interactive experiences. The festival blends traditional circus elements with modern artistic expressions like dance, theater, and music. Highlights include international acts, outdoor performances, and inclusive projects like 'Buitengewoon.' The festival takes place at various locations across Rotterdam, including Schouwburgplein, Theater Rotterdam, and the old Luxor Theater.|||EMAIL|https://circusstad.nl/
85|Sibiu International Theater Festival|Roumänien|nan|STREET|Vicențiu Rahău vicentiu.rahau@sibfest.ro|nan|||1|nan|nan||||UNKNOWN|https://www.sibfest.ro
86|behind the door|Czech|nan|STREET|nan|nan|||1|nan|nan||||UNKNOWN|https://zadvermi.cz/en/kontakt/
87|Divadlo Festival|Czech|nan|STREET|nan|nan|||1|nan|nan||||UNKNOWN|https://festivaldivadlo.cz/en
88|Cirqu'Arau|Switzerland|Aarau|STREET|olgiati@cirquaarau.ch|Laura Olgiati|||1|Laura Olgiati|mid June|The Cirqu'Arau festival in Switzerland focuses on contemporary circus arts, featuring a variety of performances from small experimental forms to family shows. It takes place in various venues in Aarau, including the Alte Reithalle, museums, and tents.|||UNKNOWN|https://www.cirquaarau.ch
89|MimeFest|Czech|nan|STREET|nan|nan|||1|nan|nan||||UNKNOWN|https://mimefest.cz/en/contacts/
90|Komediani Vulicic|Czech|nan|STREET|komediantivulicich@gmail.com|nan|||1|nan|nan||||UNKNOWN|http://komediantivulicich.cz/
91|Theater Spektakel Zürich|Schweiz|nan|STREET|contact@theaterspektakel.ch|nan|||1|nan|nan||||UNKNOWN|https://www.theaterspektakel.ch/programmarchiv
92|Storytelling Festival|Steiermark|nan|STREET|office@storytellingfestival.at|nan|||1|nan|nan||||UNKNOWN|www.storytellingfestival.at/festivalkontakt/team/
93|La Bâtie-Festival|Swiss|nan|STREET|contact@batie.ch|nan|||1|Claude Ratzé|nan||||UNKNOWN|https://www.batie.ch/
94|KoressponDance|tschechen|nan|STREET|eva.dryjova@se-s-ta.cz|nan|||0|Eva Dryjová|nan||||UNKNOWN|https://www.korespondance.cz/en/
95|Letni Letna|Tschechen|nan|STREET|anna.vondrackova@letniletna.cz|nan|||1|Anna Vondráčková|nan||||UNKNOWN|https://en.letniletna.cz/en/international-festival-of-contemporary-circus-and-theater-letni-letna/
96|Roztocfest|Tscheichen|nan|STREET|info@roztocfest.com|nan|||1|nan|nan||||UNKNOWN|https://roztocfest.com/
97|Internationales Kleinkunstfestival|Usedom|nan|STREET|info@kleinkunst-festival.com|nan|||1|nan|nan||||UNKNOWN|https://www.kleinkunst-festival.com/infos/
98|Artists De Rue|Switzerland|Vevey|STREET|contact@artistesderue.ch||||1|nan|mid August|The 31st International Festival of Street Artists in Vevey, Switzerland, featuring jugglers, mimes, actors, acrobats, fire-eaters, and clowns from around the world. Performances are held in the Old Town of Vevey, including the Place Scanavin, with a competition for the 'Pavé d'or' prize.|||UNKNOWN|https://artistesderue.ch/
99|On the Edge|Wien|nan|STREET|info@ontheedge.at|nan|||0|nan|November||||UNKNOWN|https://www.ontheedge.at/festivalprogramm
100|Wiener Neustadt Straßenfestival|Wien|nan|STREET|backstage@zeitenwanderer.at|nan|||1|nan|nan||||UNKNOWN|https://www.strassenkunstfestival.at/
101|Theaterspektakel Zürich|Switzerland|Zürich|THEATRE|presse@theaterspektakel.ch|Heike Dürscheid|2025-08-14|2025-08-31|0||mid to late August|An international theater festival held at the Landiwiese by Lake Zurich, transforming the area into a unique setting for performance and theater.|||EMAIL|https://www.theaterspektakel.ch/service/kontakt
102|Straatkunstenfestival Del Mundo|Belgium|Liège|STREET|evenementen@maasmechelen.be||2025-05-24|2025-05-24|0||late May|An event focused on art, culture, and history, featuring live concerts, a fashion show, a gastronomic market, and a cocktail bar.|||EMAIL|https://www.facebook.com/straatkunstenfestivaldelmundo?fref=ts
103|Straßenkünstlerfestival in Scharbeutz|Deutschaland|nan|STREET|info@luebecker-bucht-ostsee.de|nan|||0|nan|03-08.08||||UNKNOWN|https://www.luebecker-bucht-ostsee.de/jahreshighlights
104|Pinneberger Kleinkunstfestival|online|nan|STREET|info@stadtmarketing-pinneberg.info|nan|||0|CHRISTMAS|nan||||UNKNOWN|https://www.stadtmarketing-pinneberg.info/
105|Gauklerfestung Koblenz|Germany|nan|STREET|gaukler@cafehahn.de|nan|||1|nan|nan||||UNKNOWN|https://gauklerfestung.de/programm-samstag/
106|Kulturufer Friedrichshafen|Germany|nan|STREET|kulturbuero@friedrichshafen.de|nan|||1|online application|nan||||UNKNOWN|https://kulturufer.de/
107|Kultur auf der Straße Ulm|Germany|nan|STREET|Onlineformular|nan|||1|nan|nan||||UNKNOWN|https://www.neu-ulm-strassenkultur.de/
108|Buskers Bus|Polen|nan|STREET|Ab Januar hier: https://www.buskerbus.com/apply/|nan|||0|nan|nan||||UNKNOWN|https://www.buskerbus.com/
109|Kavc|Slovenia|nan|STREET|nan|nan|||1|nan|nan||||UNKNOWN|nan
110|Floating Castle Festival|Slovenia|nan|STREET|nan|nan|||0|nan|nan||||UNKNOWN|nan
111|Cirkul'Art Festival|Slovakei|nan|STREET|katarina.pokorna@cirkulart.sk|nan|||0|Katarína Pokorná|nan||||UNKNOWN|https://cirkulart.sk/de/
112|Cirkulum Festival|Tschechien|nan|STREET|produkce@cirkulum.cz  cirkulum@cirkulum.cz|nan|||0|nan|nan||||UNKNOWN|https://www.cirkulum.cz/en/
113|ULICA FESTIVAL KRAKOW|Polen|nan|STREET|sekretariat@teatrkto.pl|nan|||1|nan|nan||||UNKNOWN|https://teatrkto.pl/35-street-theatre-festival-2022/
114|FESTIWAL DWOCH JEZEIOR|Polen|nan|STREET|info@wckwalcz.pl|nan|||0|nan|nan||||UNKNOWN|https://www.festiwaldwochjezior.pl/index.php
115|OFCA Festival|Polen|nan|STREET|nan|nan|||1|nan|nan||||UNKNOWN|https://festiwalofca.pl/en/strona-glowna/
116|sztukauliczna|Polen|nan|STREET|sztukauliczna.festiwale@gmail.com|nan|||1|nan|nan||||UNKNOWN|https://sztukaulicy.pl/
117|Aichtal Juggling con|Deutchland|nan|STREET|orga-team@jonglieren-in-aichtal.de|nan|||0|nan|nan||||UNKNOWN|www.jonglieren-in-aichtal.de
118|Berlin juggling Conv|nan|nan|STREET|gala@circulum.de|nan|||0|nan|nan||||UNKNOWN|https://circulum.de/convention/23/en/english/
119|Bremen juggling con|nan|nan|STREET|bremenjonglagecon@yahoo.de|nan|||0|nan|nan||||UNKNOWN|https://bremen-jongliert.de/
120|Freiburg juggling con|nan|nan|STREET|info[ät]jonglieren-in-freiburg.de|nan|||0|nan|nan||||UNKNOWN|jonglieren-in-freiburg.de
121|Drop am See|nan|nan|STREET|orga@drop-am-see.de|nan|||0|nan|nan||||UNKNOWN|drop-am-see.de
122|Fuori asse|Italien|nan|STREET|segreteria@quattrox4.com|nan|||1|nan|nan||||UNKNOWN|https://www.quattrox4.com/en/fuori-asse-festival-2023/
123|https://festiwalofca.pl/en/strona-glowna/|Polen|nan|STREET|nan|nan|||1|nan|nan||||UNKNOWN|nan
124|https://feta.pl/|Polen|nan|STREET|nan|nan|||1|nan|nan||||UNKNOWN|nan
125|https://migok.pl/dionizje-2023/|Polen|nan|STREET|nan|nan|||1|nan|nan||||UNKNOWN|nan
126|https://teatrnorwida.pl/kontakt/|Polen|nan|STREET|nan|nan|||1|nan|nan||||UNKNOWN|MFTU
127|https://fama.wroc.pl/kalendarz/cyrkopole/|Polen|nan|STREET|nan|nan|||1|nan|nan||||UNKNOWN|Cyrkopole
128|https://ulicznicy.pl/o-festiwalu-2018/|Polen|nan|STREET|nan|nan|||1|nan|nan||||UNKNOWN|Ulicznicy
129|Pilsen Buskers|Czech|nan|STREET|nan|nan|||1|nan|nan||||UNKNOWN|busking.plzen@gmail.com
130|https://busker.pl/en/open-call-buskers/|Polen||STREET|||||1||||||UNKNOWN|
131|Spoffin Off|Netherlands|Amersfoort|CIRCUS|in@spoffin.nl||2025-08-30|2025-08-30|0||late August|A smaller, one-day event called Spoffin Spin-Off featuring approximately thirteen street theatre acts, primarily from the Netherlands, held at various locations in and around the city center of Amersfoort. The event is freely accessible, with visitors having the option to decide what they pay after each show, and all proceeds going directly to the artists. The event concludes with a fire performance.|||UNKNOWN|
132|Festival D'Aurrilac|France|Aurillac|STREET|eclat@aurillac.net||2025-08-20|2025-08-23|0||mid August|The Festival d'Aurillac, also known as the International Street Theatre Festival, will hold its 38th edition in 2025. The festival will spotlight Brazilian creation as part of the 'Saison du Brésil en France,' featuring around 19 official companies and over 650 independent visiting companies. It draws more than 130,000 attendees over its four days.|||EMAIL|http://www.aurillac.net/index.php/en/
133|Festival Avignon|France|Avignon|THEATRE|festival@festival-avignon.com||2025-07-05|2025-07-26|0||early to late July|The Festival d'Avignon 2025, including both the 'In' and 'Off' festivals, transforms Avignon into a global hub for contemporary performing arts. The 79th edition features theatre, dance, music, and multidisciplinary works across various iconic venues. Arabic is the guest language, and choreographer Marlene Monteiro Freitas will open the festival.|||EMAIL|https://festival-avignon.com/en/professional-15932#section-34136
134|Young Stage|Switzerland|Basel|CIRCUS|nadja.hauser@young-stage.com|Nadja Hauser-Berger|2025-09-18|2025-09-22|0||mid September|The 'Grande Finale' of the international circus festival Young Stage Basel, celebrating nearly 20 years of the festival's history. It showcases young, modern circus artistry with top-class acts from twelve countries, selected from 640 applications across 66 nations. The event includes main shows, workshops, and panel discussions, serving as a significant platform for young circus artists to launch their careers.|||INVITATION_ONLY|https://www.young-stage.com/en/
135|Cultuurcentrum De Spil (Be)|Belgien||STREET|gwendolien.sabbe@despil.be|Gwendolien Sabbe|||0||nan||||UNKNOWN|https://www.despil.be/
136|Destelheide|Belgien||STREET|nan|nan|||0||nan||||UNKNOWN|https://www.destelheide.be/en/create/artist-in-house-/
137|Espace Catastrophe|Belgien||STREET|nan|nan|||0||nan||||UNKNOWN|http://maisondesjonglages.fr/fr/content/les-r%C3%A9sidencess
138|Latitude 50|Belgien||STREET|nan|nan|||0||nan||||UNKNOWN|https://latitude50.be/creation/candidature/
139|Theatre denamur|Belgien||STREET|marylenetoussaint@theatredenamur.be|nan|||0||nan||||UNKNOWN|http://www.theatredenamur.be/
140|Les Halles de Schaerbeel|Belgium||STREET|nan|nan|||0||nan||||UNKNOWN|https://www.halles.be/fr/
141|MAISON DE LA CULTURE DE TOURNAI|Belgium||STREET|philippe_deman@maisonculturetournai.com
anaelle_kins@maisonculturetournai.com
constance_paris@maisonculturetournai.com|Philippe
Anaelle
constance|||0||nan||||UNKNOWN|https://www.maisonculturetournai.com/
142|MAISON DU CIRQUE|Belgium||STREET|pgrombeer@skynet.be 31 267 8099|nan|||0||nan||||UNKNOWN|nan
143|Municipal Theater Sint-Niklaas|Belgium||STREET|ann.goossenaerts@sint-niklaas.be
oona.goyvaerts@sint-niklaas.be - 03 778 33 54|Anne-Françoise Cabanis|||0||nan||||UNKNOWN|https://www.ccsint-niklaas.be/
144|Perplx|Belgium||STREET|info@perplx.be|October 2023|||0||nan||||UNKNOWN|https://www.perplx.be/
145|Circuscentrum|Belgium, Gent||STREET|nan|nan|||0||nan||||UNKNOWN|https://www.circuscentrum.be/circuscentrum/residenties/
146|Lake Studios|Berlin||STREET|nan|nan|||0||nan||||UNKNOWN|https://www.lakestudiosberlin.com/d_clients
147|Villa Kuriosum|Berlin||STREET|kontakt@scene5.net|nan|||0||nan||||UNKNOWN|https://www.villakuriosum.net/
148|Y Not Art Loft|Berlin||STREET|nan|nan|||0||nan||||UNKNOWN|http://www.ynot-artloft.de/
149|ATC Festival|Bilbao||STREET|Online|nan|||0||last edition 2019||||UNKNOWN|http://bai-bai.net/act/?p=5026&lang=en&fbclid=IwAR0iqhQin-tAPxhfIcW-KKuQZQ3IkcEb2wf_8bItAg_LKewQ9T3XKLQ8JHE
150|Roseraie - Espace de Creation|Brüssel||STREET|nan|nan|||0||nan||||UNKNOWN|https://www.facebook.com/laroseraie.eca
151|Antistatic Dance festival|Bulgarien||STREET|info@antistaticfestival.org|nan|||0||nan||||UNKNOWN|http://antistaticfestival.org/en/
152|C!CAF Copenhagen Circus Arts Festival|Dänemark||STREET|X-act@kittjohnson.dk|nan|||0||nan||||UNKNOWN|https://ccaf.nu/en/about-ccaf/
153|Ny Cirkus Festival|Dänemark||STREET|lkj@kit.dk|Louise Kaare Jacobsen|||0||nan||||UNKNOWN|nan
154|Schlos Bröllin|Deutschland||STREET|nan|nan|||0||nan||||UNKNOWN|https://www.broellin.de/de/projekte/residenzprogramm
155|Zirkus Mond|Deutschland||STREET|nan|nan|||0||nan||||UNKNOWN|https://zirkusmond.de/
156|Callies|Deutschland, Berlin||STREET|nan|nan|||0||nan||||UNKNOWN|https://www.callies.berlin/en/residency/how-to-apply
157|Petersburg Art Space|Deutschland, Berlin||STREET|nan|nan|||0||nan||||UNKNOWN|https://pas-berlin.org/artist-residence/
158|Fleestreet Theater|Deutschland, Hamburg||STREET|nan|nan|||0||nan||||UNKNOWN|https://www.fleetstreet-hamburg.de/de/residenz/about
159|Dublin Circus Project|Dublin||STREET|nan|nan|||0||nan||||UNKNOWN|https://dublincircusproject.com/professionaldevelopment/residency-programmes/
160|Internationale Tanzmesse NRW|Düsseldorf||STREET|agora@tanzmesse.com proposals@tanzmesse.com|Franzi Hauser Jéssica Nakazima Mara Nedelcu|||0||nan||||UNKNOWN|https://www.tanzmesse.com/en/about/contact-us/
161|Edingburgh Festival Fringe|Edingburgh||STREET|participants@edfringe.com|nan|||0||nan||||UNKNOWN|https://www.edfringe.com/contact
162|101 Outdoor Arts Creation Space|England||STREET|nan|nan|||0||nan||||UNKNOWN|https://101outdoorarts.com/residencies
163|Theatre Louis Aragon|Fance||STREET|c.richert@tla-tremblay.fr|Clémence Richert|||0||nan||||UNKNOWN|https://www.theatrelouisaragon.fr/accueil-1524.html
164|Kutomo Art Space|Finnland||STREET|ehkatuotanto@gmail.com|nan|||0||nan||||UNKNOWN|https://www.ehka.net/ehka/contact
165|Nous Nous Festival - Cirko Circus Center|Finnland||STREET|cirko@cirko.fi|nan|||0||nan||||UNKNOWN|https://cirko.fi/en/fourth-edition-of-nounous-festival-at-cirko-in-december/
166|Old Mine Residency|Finnland||STREET|nan|nan|||0||nan||||UNKNOWN|https://oldmineresidency.fi/en/application/
167|X Dance Festival|Finnland||STREET|nan|nan|||0||nan||||UNKNOWN|http://danceabilityfinland.com/kaaos/festivals-2.html
168|Les Aires Théatre de Die et du Diois|France||STREET|artistique@theatre-les-aires.com|nan|||0||nan||||UNKNOWN|https://theatre-les-aires.com/programme/
169|104 Paris|France||STREET|contact@104.fr|nan|||0||nan||||UNKNOWN|https://www.104.fr/
170|2R2C|France||STREET|remy.bovis@2r2c.coop|M. Rémy BOVIS|||0||september||||UNKNOWN|https://www.2r2c.coop/
171|Ad Hoc Festival|France||STREET|t.karaduman@levolcan.com|nan|||0||Dezember||||UNKNOWN|https://www.levolcan.com/adhoc-festival/edition-2019-2020
172|AGORA PNAC Boulazac Aquitaine|France||STREET|cc.agora@ville-boulazac.fr|M. Frédéric DURNERIN|||0||nan||||UNKNOWN|https://www.agora-boulazac.fr/
173|Artcena, Centre national des arts de cirque|France||STREET|jessica.bourges@artcena.fr|Jessica Bourges|||0||nan||||UNKNOWN|https://www.artcena.fr/
174|Ay-Roop, scène de territoire|France||STREET|contact@ay-roop.com|nan|||0||nan||||UNKNOWN|https://www.ay-roop.com/
175|Bibasse|France|Nancy|JUGGLING_CONVENTION|||2025-05-28|2025-06-01|0||late May–early June|The Bibasse 2025 juggling convention, the 11th edition of the event, is a significant event in the French flow arts and juggling scene. Attendees can expect a vibrant program including circus shows, concerts, workshops, fire jams, and juggling games.|||FORM|https://www.helloasso.com
176|Biennale Internationale des Arts de la Marionnette|France||STREET|n.sales@lemouffetard.com|Nilla Salès|||0||nan||||UNKNOWN|http://lemouffetard.com/content/2021-biennale-internationale-des-arts-de-la-marionnette
177|C Koi ce cirque|France||STREET|rdvjongle@gmail.com|nan|||0||nan||||UNKNOWN|https://www.chalondanslarue.com/
178|Carre Colonnes|France||STREET|s.violan@carrecolonnes.fr|Sylvie Violan | Directrice|||0||nan||||UNKNOWN|https://www.carrecolonnes.fr/index.htm
179|Carré Magique, Pôle national cirque en Bretagne|France||STREET|philippelegal@carre-magique.com|Philippe Le Gal|||0||nan||||UNKNOWN|https://www.carre-magique.com/
180|CENTRE CULTUREL PABLO PICASSO|France||STREET|fabienne.lorong@wanadoo.fr|Mme Fabienne LORONG|||0||nan||||UNKNOWN|nan
181|Centre des arts du cirque de Basse Normandie|france||STREET|yveline.rapeau@labreche.fr|Mme Yveline RAPEAU|||0||nan||||UNKNOWN|nan
182|Centre Léo Lagrange|France||STREET|nan|nan|||0||nan||||UNKNOWN|https://www.leolagrange-villeurbanne.com/
183|CIAM|France||STREET|nan|nan|||0||nan||||UNKNOWN|http://www.artsenmouvement.fr/residences-dartistes/
184|Cirq'onflex|France||STREET|c.vandamme@cirqonflex.fr|Celine Vandamme|||0||nan||||UNKNOWN|https://cirqonflex.fr/
185|Cirque Jules-Verne|France||STREET|0033 1 46 22 10 43|Julie Guimas|||0||nan||||UNKNOWN|https://www.cirquejulesverne.fr/
186|Cirque Pardi|France||STREET|alvaroneiranovoa@gmail.com|Alvaro Neira Novoa|||0||nan||||UNKNOWN|nan
187|Cirque-théâtre d'Elbeuf|France||STREET|helene.cadiou@cirquetheatre.com
laurent.brimant@cirquetheatre.com|Helene Cadiou
Laurent Brimant|||0||nan||||UNKNOWN|https://www.cirquetheatre-elbeuf.com/
188|Cirque-théâtre Elbeuf|France||STREET|beatrice.alexandre@cirquetheatre.com|Béatrice Alexandre|||0||nan||||UNKNOWN|https://www.cirquetheatre-elbeuf.com/
189|Clastic Théâtre|France||STREET|clastic@clastictheatre.com|nan|||0||nan||||UNKNOWN|http://clastictheatre.com/
190|CNCDC DE CHATEAUVALLON|France||STREET|tamet.dir@chateauvallon.com|M. Christian TAMET|||0||nan||||UNKNOWN|http://www.chateauvallon.com/
191|Equinox, scène nationale de Chateauroux|France||STREET|0033 2 54 08 35 82|nan|||0||nan||||UNKNOWN|http://www.scenenationale-chateauroux.com/
192|Espace Culturel Lucien Jean|France||STREET|marlyespaceculturel@wanadoo.fr|Gérard CHAIX|||0||nan||||UNKNOWN|nan
193|Espace Germinal OMC|France||STREET|antonella@espacegerminal.fr|Mme Antonella JACOB|||0||nan||||UNKNOWN|https://www.espacegerminal.fr/
194|ESPACE PERIPHERIQUE|France||STREET|s.morin@villette.com|Mlle Sophie MORIN|||0||nan||||UNKNOWN|http://www.espaceperipherique.com/
195|Festival d’Avignon|France||STREET|festival@festival-avignon.com|Agnès Troly, Director of Artistic Programme
Canelle Breymayer, Programming Assistant|||0||Juli||||UNKNOWN|https://www.festival-avignon.com/en/
196|Festival d´aurillac|France||STREET|ECLAT@AURILLAC.NET|nan|||0||nan||||UNKNOWN|http://www.aurillac.net/index.php/en/
197|Festival Geoconde|France||STREET|contact@festivalgeoconde.fr|nan|||0||nan||||UNKNOWN|https://www.festivalgeoconde.fr/
198|Festival International des Artistes du Cirque|France||STREET|nan|nan|||0||nan||||UNKNOWN|https://www.festivalcirquesaintpaul.com/
199|Festival Itinérant de Marionnettes|France||STREET|zapoifestival@gmail.com|nan|||0||Oktober||||UNKNOWN|http://www.fim-marionnette.com/
200|Festival Marto Marionnettes et Objets|France||STREET|01 41 90 17 00|nan|||0||mars||||UNKNOWN|http://www.festivalmarto.com/
201|Festival Méli Melo|FRance||STREET|billeterie@canejan.fr|nan|||0||janvier- fevrier||||UNKNOWN|https://signoret-canejan.fr/festival-meli-melo/
202|Mimesis|France||STREET|mimesis.contact@gmail.com|nan|||0||nan||||UNKNOWN|mimesis.contact@gmail.com
203|Les Nuits de Fourvière|France||STREET|plus 3304 72 57 15 40|nan|||0||nan||||UNKNOWN|www.nuitsdefourviere.com
204|nan|nan||STREET|nan|nan|||0||nan||||UNKNOWN|nan
205|HIPPODROME DE DOUAI|France||STREET|glanglois@hippodromedouai.com|Gilbert LANGLOIS|||0||nan||||UNKNOWN|http://www.tandem-arrasdouai.eu/fr
206|Houdrement|France||STREET|0033 1 49 92 61 61|nan|||0||nan||||UNKNOWN|https://houdremont.lacourneuve.fr/
207|KLAP House for dance|France||STREET|compagnie@kelemenis.fr|michel kelemenis|||0||nan||||UNKNOWN|nan
208|L'Hectare - Centre National de la Marionette|France||STREET|contact@lhectare.fr|nan|||0||nan||||UNKNOWN|https://www.lhectare.fr/
209|L'UsinoTOPIE|France||STREET|contact@lusinotopie.fr|nan|||0||nan||||UNKNOWN|http://www.lusinotopie.fr/
210|L’Arsenic, Saison Culturelle Cazals-Salviac|France||STREET|online|nan|||0||nan||||UNKNOWN|https://saisonculturellecazalssalviac.wordpress.com/contact/
211|La Batysse|France||STREET|lateuchus@yahoo.fr|Virginie SCHELL et Gabriel HERMAND-PRIQUET|||0||nan||||UNKNOWN|http://labatysse.com/
212|La Brèche|France||STREET|developpement@labreche.fr
yveline.rapeau@labreche.fr|Lise HOËZ-GUEZENNEC
Yveline RAPEAU|||0||nan||||UNKNOWN|https://www.labreche.fr/
213|La Cascade|France||STREET|j.millet@lacascade.org|Pauline Boulai et Emmanuel Cornuel|||0||nan||||UNKNOWN|https://lacascade.org/bienvenue/
214|La Coupe d'Or|France||STREET|theatre-coupedor@wanadoo.fr|M. Vincent LEANDRI|||0||nan||||UNKNOWN|http://www.theatre-coupedor.com/spectacle/le-cirque-pietre
215|La Fabrique|France||STREET|effigiestheatre@orange.fr|nan|||0||nan||||UNKNOWN|https://effigiestheatre.com/la-fabrique/
216|LA FAIENCERIE|France||STREET|greg.harel@gmail.com|M. Gregoire HAREL|||0||nan||||UNKNOWN|nan
217|La Grainerie|France||STREET|jm-broqua@la-grainerie.net
serge-borras@la-grainerie.net|Broqua Jean-Marc
Serge|||0||nan||||UNKNOWN|www.la-grainerie.net
218|La Nef|France||STREET|relationspubliques@la-nef.org projets@la-nef.org|Solene Legendre|||0||nan||||UNKNOWN|http://www.la-nef.org
219|La Verrerie d'Alès|France||STREET|production@polecirqueverrerie.com|Camille Rebière|||0||nan||||UNKNOWN|https://www.polecirqueverrerie.com/
220|Le Bâteau feu|France||STREET|0033 3 28 51 40 40|Anne Buffet|||0||nan||||UNKNOWN|https://www.lebateaufeu.com/
221|Le Carré Magique|France||STREET|philippelegal@carre-magique.com|Philippe Le Gal|||0||nan||||UNKNOWN|http://www.carre-magique.com/
222|Le Champ de Foire|France||STREET|guillaume.blaise@lechampdefoire.org|Guillaume BLAISE|||0||nan||||UNKNOWN|http://www.lechampdefoire.org/
223|Le Ciam|France||STREET|contact@ciam-aix.com|nan|||0||nan||||UNKNOWN|http://www.artsenmouvement.fr/
224|Le Cirk'eole|France||STREET|contact@cirkeole.fr|nan|||0||nan||||UNKNOWN|http://www.cirk-eole.fr/
225|Le Crabb|France||STREET|crabb@orange.fr|nan|||0||nan||||UNKNOWN|http://www.crabb.fr/
226|LE CRATERE THEATRE D ALES|France||STREET|denis.lafaurie@lecratere.fr|M. Denis LAFAURIE|||0||nan||||UNKNOWN|nan
227|Le CYAM|France||STREET|didier@cyam.fr|Didier Welle|||0||nan||||UNKNOWN|http://www.cyam.fr/contacts.html
228|Le Jardin Parallèle|France||STREET|contact@lejardinparallele.fr|nan|||0||nan||||UNKNOWN|http://www.lejardinparallele.fr/
229|Le LEM|France||STREET|contact@lelem.fr|nan|||0||nan||||UNKNOWN|https://lelem.fr/
230|Le Maillon|France||STREET|info@maillon.eu|Barbara Engelhardt|||0||nan||||UNKNOWN|https://www.maillon.eu/
231|Le Mouffetard|France||STREET|Velos@velotheatre.com|Sarah Najand|||0||nan||||UNKNOWN|http://lemouffetard.com/
232|Le Palc|France||STREET|audrey.jehanno@lepalc.fr audrey.jehanno@furies.fr  furieusement[@]furies.fr dt@furies.fr|Audrey Jehanno|||0||nan||||UNKNOWN|https://www.furies.fr/
233|Le pôle|France||STREET|info@le-pole.fr|nan|||0||nan||||UNKNOWN|https://www.le-pole.fr/contact
234|Le pôle de spectacle vivant de la communauté d'agglomération de saint-dié-des-vosges|France||STREET|contact@ca-saintdie.fr|nan|||0||nan||||UNKNOWN|https://www.ca-saintdie.fr/decouvrir/spectacle-vivant
235|Le Prato|France||STREET|info@leprato.fr|Gilles Defacque|||0||nan||||UNKNOWN|https://leprato.fr/
236|LE QUAI|France||STREET|artistique@lequai-angers.eu|M. Christian MOUSSEAU-FERNANDEZ|||0||nan||||UNKNOWN|https://www.lequai-angers.eu/
237|Le Sablier|France||STREET|contact@le-sablier.org|nan|||0||nan||||UNKNOWN|https://le-sablier.org/
238|LE SALMANAZAR|France||STREET|billetterie{at}lesalmanazar.fr|Christian Dufour|||0||nan||||UNKNOWN|https://theatrelesalmanazar.fr/
239|Le Sirque|France||STREET|barbara.marchadier@lesirque.com|nan|||0||nan||||UNKNOWN|https://lesirque.com/
240|Le Tas de Sable|France||STREET|info@letasdesable-cpv.org|nan|||0||nan||||UNKNOWN|https://letasdesable-cpv.org/
241|Le Vellein|France||STREET|contact.levellein@capi38.fr|nan|||0||nan||||UNKNOWN|https://levellein.capi-agglo.fr/
242|Les Narrations du Futur|France||STREET|communication@tjp-strasbourg.com|nan|||0||nan||||UNKNOWN|https://www.tjp-strasbourg.com/lesnarrationsdufutur
243|Les Subsistances|France||STREET|cathy.bouvard@les-subs.com|Mme Cathy BOUVARD|||0||nan||||UNKNOWN|https://www.les-subs.com/
244|Ma Scene Nationale|France||STREET|programmation@mascene.eu|Irene Román|||0||nan||||UNKNOWN|https://mascenenationale.eu/programmation
245|Malakoff Scène Nationale|FRance||STREET|artis|nan|||0||nan||||UNKNOWN|https://malakoffscenenationale.fr/une-equipe
246|Marionnette Actuelle|FRance||STREET|prog.mima@artsdelamarionnette.com|Caroline Galmot|||0||nan||||UNKNOWN|https://www.mima.artsdelamarionnette.com/
247|Marionnettissimo|France||STREET|programmation[a]marionnettissimo.com
production[a]marionnettissimo.com|Production - Astrid De Graef|||0||nan||||UNKNOWN|https://www.marionnettissimo.com/qui-sommes-nous
248|Marsika|France||STREET|mariska.nord@mariskanord.fr|nan|||0||nan||||UNKNOWN|https://mariska.fr/
249|NOUVEAU THEATRE MONFORT|France||STREET|laurence.demagalhaes@lemonfort.fr|Mme Laurence DE MAGALHAES|||0||nan||||UNKNOWN|nan
250|Odradek|France||STREET|centre.odradek@orange.fr|Clara Rondet|||0||nan||||UNKNOWN|http://www.pupella-nogues.com/
251|Scène Nationale Aubusson|France||STREET|administration@snaubusson.com|Marie-Pierre Jean|||0||nan||||UNKNOWN|https://www.snaubusson.com/
252|Subs|France||STREET|lucie.brosset@les-subs.com|Lucie Brosset-Jolinon|||0||nan||||UNKNOWN|https://www.les-subs.com/
253|Théâtre à la Coque|France||STREET|administration@theatrealacoque.fr|nan|||0||nan||||UNKNOWN|https://www.theatrealacoque.fr/
254|Théatre Arles|France||STREET|a.feuillie@theatre-arles.com|Alexandra Feuillie|||0||nan||||UNKNOWN|http://www.theatre-arles.com/
255|Théâtre aux mains nues|France||STREET|contact@theatre-aux-mains-nues.fr|Emma Schoepfer|||0||nan||||UNKNOWN|http://www.theatre-aux-mains-nues.fr
256|Théâtre d'Art Appliqué|FRance||STREET|theatresanstoit@gmail.com|nan|||0||nan||||UNKNOWN|http://theatresanstoit.fr/theatre-art-applique/les-ateliers-rudimentaires-v-le-sens-du-mouvement/
257|Théatre de Bourg-en-Bresse|France||STREET|04 74 50 40 00|nan|||0||nan||||UNKNOWN|https://www.theatre-bourg.fr/
258|THEATRE DE CORNOUAILLE|France||STREET|contact@theatre-cornouaille.fr|M. Franck BECKER|||0||nan||||UNKNOWN|nan
259|Theâtre de Grasse|France||STREET|secr.dir@theatredegrasse.com|Aoitef Marzouk|||0||nan||||UNKNOWN|https://www.theatredegrasse.com/
260|Théâtre de l'Èvre|France||STREET|contact@theatredelevre.fr|nan|||0||nan||||UNKNOWN|http://theatredelevre.fr
261|Théâtre de la Cité International|France||STREET|j.sterner@theatre-cite.com
mc.remy@theatre-cite.com|Julia Sterner (production biennale)
Galin Stoev (Directeur délégué)|||0||nan||||UNKNOWN|https://theatre-cite.com/le-cdn/#lequipe-contacts
262|Théatre de la coupe d'or|France||STREET|amandine.tenain@theatre-coupedor.com|Amandine Tenain|||0||nan||||UNKNOWN|http://www.theatre-coupedor.com/
263|Théâtre de Marionnettes Belfort|France||STREET|marionnettebelfort@hotmail.com|nan|||0||nan||||UNKNOWN|https://marionnette-belfort.com/solstice-de-la-marionnette/
264|Théâtre de Mazade|France||STREET|theatre.de.mazade@wanadoo.fr|nan|||0||nan||||UNKNOWN|http://www.theatre-de-mazade.com/programmation/programme/
265|Théâtre des Bergeries|France||STREET|nan|nan|||0||nan||||UNKNOWN|http://www.letheatredesbergeries.fr/
266|Théâtre des Sources|France||STREET|zoe.braida@fontenay-aux-roses.fr alexandra.bic@fontenay-aux-roses.fr|Zoe Braida / Alexandra Bic|||0||nan||||UNKNOWN|http://www.theatredessources.fr/
267|Théâtre du Mouvement|France||STREET|info@claireheggen-tdm.com|nan|||0||nan||||UNKNOWN|http://claireheggen.theatredumouvement.fr/pratique/
268|THEATRE DU ROND POINT|France||STREET|virginie@theatredurondpoint.fr|Virginie FERRERE|||0||nan||||UNKNOWN|https://www.theatredurondpoint.fr/
269|THÉÂTRE DURANCE|France||STREET|programmation@theatredurance.fr|Élodie Presles|||0||nan||||UNKNOWN|http://www.theatredurance.fr/
270|Théâtre Firmin Gémier La Piscine|France||STREET|contact@tfg-lp.com|nan|||0||nan||||UNKNOWN|https://www.theatrefirmingemier-lapiscine.fr/
271|Théâtre Gerard Philipe|France||STREET|tgp@tgpfrouard.fr|nan|||0||nan||||UNKNOWN|https://www.festivalgeoconde.fr/
272|Théâtre Jean Arp|France||STREET|laurent.flamarion@valleesud.fr cecile.colle@valleesud.fr|Laurent Flamarion/ Cécile Colle|||0||nan||||UNKNOWN|https://www.theatrejeanarp.com
273|Théâtre La Licorne|France||STREET|contact@theatre-lalicorne.fr|nan|||0||nan||||UNKNOWN|http://www.theatre-lalicorne.fr/
274|Théâtre Le Grand Logis|France||STREET|direction.grandlogis@ville-bruz.fr|Jean-Louis BEAUVIEUX|||0||nan||||UNKNOWN|nan
275|Théâtre le Passage|France||STREET|info@theatrelepassage.fr|nan|||0||nan||||UNKNOWN|http://www.theatrelepassage.fr/
276|theatre mansart|France||STREET|culture@crous-bfc.fr theatre-mansart@crous-bfc.fr|nan|||0||nan||||UNKNOWN|nan
277|Theatre ONYX|France||STREET|billetterie.onyx@saint-herblain.fr|nan|||0||nan||||UNKNOWN|https://www.theatreonyx.fr/
278|Théâtre Victor Hugo|France||STREET|01 46 63 10 54|nan|||0||nan||||UNKNOWN|https://www.theatrevictorhugo-bagneux.fr/
279|Théâtres Chatillon|France||STREET|production@theatreachatillon.com|Coline Sanchez|||0||nan||||UNKNOWN|https://www.theatreachatillon.com/
280|Transversales|France||STREET|prog.transversales@orange.fr|Didier PATARD|||0||nan||||UNKNOWN|https://transversales-verdun.com/transversales/lassociation/
281|Vélo Théâtre|France||STREET|velos@velotheatre.com|nan|||0||nan||||UNKNOWN|https://velotheatre.com/
282|La Maison du Jonglages|Frankreich||STREET|production.jonglages@gmail.com|Coline Huchet|||0||nan||||UNKNOWN|http://maisondesjonglages.fr/fr/content/les-r%C3%A9sidences
283|Le Moulin de Roques|Frankreich||STREET|nan|nan|||0||nan||||UNKNOWN|https://www.lemoulin-roques.com/les-residents
284|Occitanie fait son Cirque|Frankreich||STREET|online|nan|||0||Vorbei||||UNKNOWN|https://www.culture.gouv.fr/Aides-demarches/Appels-a-projets/Appel-a-candidature-Occitanie-fait-son-cirque-en-Avignon-2022
285|Glastonbury|Glastonbury||STREET|online: https://www.glastonburyfestivals.co.uk/contact-us/|nan|||0||nan||||UNKNOWN|https://www.glastonburyfestivals.co.uk/contact-us/
286|Le Sechoir|Ile de la Réunion||STREET|production@lesechoir.com|Michelle Latchimy|||0||nan||||UNKNOWN|https://www.lesechoir.com/
287|Leu Tempo Festival|Ile de la Réunion||STREET|lesechoir@lesechoir.com 0033 2 62 34 80 03|nan|||0||nan||||UNKNOWN|http://www.lesechoir.com/leutempo2019/
288|Israel Juggling Convention|Israel||STREET|israeljugg@gmail.com|nan|||0||nan||||UNKNOWN|nan
289|artsisti in piazza|italien||STREET|nan|Online formular, deadline 31 jan|||0||nan||||UNKNOWN|artistiinpiazza.com
290|bascherdeis|italien||STREET|https://www.bascherdeis.it/partecipa/|online formular|||0||nan||||UNKNOWN|bascherdeis.it
291|Circum navigando|Italien||STREET|info@sarabanda-associazione.it|nan|||0||Dezember||||UNKNOWN|https://www.sarabanda-associazione.it/en/circumnavigando-since-2001-international-festival-of-circus-theatre/
292|cucu festival|italien||STREET|info@lecurandaie.it|nan|||0||Oktober||||UNKNOWN|https://www.facebook.com/cucufestival/
293|ferrara buskers festival|italien||STREET|bottoni@ferrarabuskers.com|online form to complete before 30th april|||0||nan||||UNKNOWN|ferrarabuskers.com
294|International Circus Festival Italy|Italien||STREET|info@festivalcircolatina.com|nan|||0||oktober||||UNKNOWN|https://www.festivalcircolatina.com/2015/history/?lang=en
295|SPAM!|Italien||STREET|nan|nan|||0||nan||||UNKNOWN|http://www.spamweb.it
296|Circorama|Kroatien||STREET|nan|nan|||0||nan||||UNKNOWN|https://cirkorama.org/en/contemporary-circus-artists-at-the-residencies/
297|Hala 100|Kroatien||STREET|positivef@gmail.com|Antonia Kuzmanić|||0||nan||||UNKNOWN|https://room100.org/
298|Arts Printing House|Litauen||STREET|nan|nan|||0||nan||||UNKNOWN|http://www.menuspaustuve.lt
299|de kleine willem|Niederlande||STREET|evenementen@wilminktheater.nl|nan|||0||nan||||UNKNOWN|https://www.wilminktheater.nl/nl/pQNNPHd/de-kleine-willem
300|musis & stadstheater arnhem|Niederlande||STREET|programma@musisenstadstheater.nl|nan|||0||nan||||UNKNOWN|https://www.musisenstadstheater.nl
301|Odeon / Zwolse Theaters|Niederlande||STREET|info@zwolsetheaters.nl|nan|||0||nan||||UNKNOWN|https://zwolsetheaters.nl/
302|theate de blauwe kai|Niederlande||STREET|info@blauwekei.nl|nan|||0||nan||||UNKNOWN|https://www.blauwekei.nl/
303|Theaterfest Nitra|Nitra||STREET|nitrafest@nitrafest.sk|nan|||0||nan||||UNKNOWN|https://nitrafest.sk/
304|Festspillene i Nord-Norge (Arctic Arts Festival)|Norwegen||STREET|post@festspillnn.no|nan|||0||nan||||UNKNOWN|https://festspillnn.no/
305|Glasslaven Arts Center|Norwegen||STREET|nan|nan|||0||nan||||UNKNOWN|https://glasslaven.no/?fbclid=IwAR1fwDhYkorZ7VP5jyulbksbnNqzDsqx2fIn2O0Dt3WwlLzKteNoYp218bww
306|“Aré ” Performing Arts Festival|Armenia|Yerevan|THEATRE|arecultural@gmail.com||2025-05-03|2025-05-15|0||early–mid May|The 'ARé' Performing Arts Festival, also known as ARé Fest 2025, is dedicated to exploring the dynamic intersections between performing and visual arts, embracing experimental and unconventional forms of expression. The festival's program features performances, visual installations, discussions, and workshops across various venues in Yerevan. It aims to bring together international and local artists, foster global partnerships, and serve as a hub for creative exchange, showcasing Armenia's contemporary art scene.|||EMAIL|http://www.arepaf.am/
307|Athens Epidaurus Festival|Greece|Athens|THEATRE|artisticdirector@aefestival.gr||2025-06-15|2025-08-30|0||late June–late August|The Athens Epidaurus Festival is one of Greece's most significant cultural events, offering a diverse program of ancient Greek drama, music, contemporary dance, and interdisciplinary performances. It takes place at various venues including the Ancient Theatre of Epidaurus, the Little Theatre of Ancient Epidaurus, the Odeon of Herodes Atticus in Athens, and Peiraios 260.|||EMAIL|http://aefestival.gr/?lang=en
308|Gauklerfestival|Germany|Attendorn|STREET|info@gauklerfestival.de||2025-07-12|2025-07-13|0||mid July|The Attendorn Street Performers Festival transforms the town center into a stage for comedy, music, acrobatics, and interactive activities. It features international street artists and musicians, attracting thousands of visitors annually. The festival includes performances for children, families, and all ages, culminating in the awarding of the 'KleinKunstPreis'.|||EMAIL|http://www.gauklerfest.de/
309|Tnt Festival Terrassa Noves Tendències|Spain|Terrassa|THEATRE|tnt@terrassa.cat||2025-10-02|2025-10-04|0||early October|The TNT Festival Terrassa Noves Tendències is an 18th edition of the festival of live arts and new forms, dedicated to promoting and disseminating contemporary and multidisciplinary creation. It supports critical and committed artistic practices, embracing new artistic languages and exploring new ways of engaging with artistic expression. The festival addresses contemporary issues such as ecology, inequality, gender, diversity, and the dominance of new technologies.|||EMAIL|http://tnt.cat/en/
310|Theaterfestival Basel|Switzerland|Basel|THEATRE|info@theaterfestival.ch||2025-08-29|2025-08-31|0||late August|Theaterfestival Basel is a biennial event featuring various theater performances across multiple venues in Basel. The 2025 edition includes a collaboration with Kaserne Basel, taking place at the Kasernenareal and other partner theaters.|||EMAIL|https://www.theaterfestival.ch/deplacement/
311|Feel Festival|Germany|Lichterfeld|MUSIC|kira@feel-festival.de||2025-07-24|2025-07-27|0||late July|The Feel Festival at Berghaider See is a four-day cultural event featuring a diverse range of activities, including music, art, workshops, and discussions on topics such as sustainability and queer feminism. The festival offers karaoke, yoga sessions, saunas, and various light and art installations. Musically, it spans genres like electronic music, Indie, Rock, Punk, and Hip-hop.|||EMAIL|https://feel-festival.de/kultur/
312|Buskers Bern|Switzerland|Bern|STREET|info@buskersbern.ch||2025-08-06|2025-08-08|0||early August|The Buskers Bern Street Music Festival transforms the streets of Bern's Old Town into a vibrant open-air festival. The 22nd edition features approximately 150 artists from around the world, showcasing music, dance, theatre, comedy, street performance, puppet theatre, art, and artistry. Around 70,000 visitors attend annually. Admission is free, but attendees can support the non-profit event by purchasing program booklets and festival wristbands.|||EMAIL|https://www.buskersbern.ch/de
313|TILT|Birmmingham||STREET|online|nan|||0||nan||||UNKNOWN|https://www.tiltfestival.com
314|Peculiar Families Festival|croatzien||STREET|peculiarfamilies@gmail.com|Antonia Kuzmanić|||0||nan||||UNKNOWN|https://peculiarfamilies.org/en/home/
315|Parksommer Kulturfestival Chemnitz|Deutschland||STREET|Kira Mutze
k.mutze@c3-chemnitz.de|nan|||0||nan||||UNKNOWN|https://www.parksommer.de/de/Startseite_10.html?sid=YxJpmLo5b2ckQ3YIq3A2VonaJCWhUfos
316|Rostfest Eisenerz|Eisenert||STREET|office@rostfest.at|nan|||0||nan||||UNKNOWN|https://rostfest.at/
317|Cirkuliacija Festival|Estonia||STREET|nkgteatronas@gmail.com|nan|||0||nan||||UNKNOWN|https://cirkuliacija.lt/en/
318|Circus Ruska Festival|Finnland||STREET|Info@circusruska.com|nan|||0||nan||||UNKNOWN|http://circusruska.com/festival/
319|Helsinki Festival|Finnland||STREET|Marko Ahtisaari marko.ahtisaari@helsinkifestival.fi niko.wilkinson@helsinkifestival.fi|nan|||0||nan||||UNKNOWN|https://helsinkifestival.fi/en/contact-information/
320|JoJo – Oulu Dance Centre|Finnland||STREET|Mira Kolanen mira.kolanen(at)jojo.fi|nan|||0||application closes 27.11||||UNKNOWN|https://jojo.fi/
321|Salo Circus Festival|Finnland||STREET|festival@salocircus.com|nan|||0||nan||||UNKNOWN|https://salocircus.com/
322|Silence Festival|Finnland||STREET|Joonas Martikainen
joonas[a]hiljaisuusfestivaali.fi|nan|||0||nan||||UNKNOWN|https://www.hiljaisuusfestivaali.fi/about/
323|Sorin Sirkus|Finnland||STREET|etunimi.sukunimi@sorinsirkus.fi|nan|||0||nan||||UNKNOWN|https://www.sorinsirkus.fi/yhteystiedot/
324|Tampere Theatre Festival|Finnland||STREET|info@teatterikesa.fi|nan|||0||nan||||UNKNOWN|https://www.teatterikesa.fi/en/
325|Espace Athic / Festival Pisteurs d'Etoiles|France||STREET|Laure ROMAN
Adan Sandoval productionathic@gmail.com
direction@espace-athic.com"|nan|||0||nan||||UNKNOWN|https://13esens.com/pisteurs-detoiles/
326|Festival D'Alba la Roraine|France||STREET|m.rascalou@lacascade.org|Manuel Rascalou|||0||nan||||UNKNOWN|https://lefestivaldalba.org/in-english/
327|Festival des 7 Collines|France||STREET|M. Jean-Philippe MIRANDON  septcollines@hotmail.com|nan|||0||nan||||UNKNOWN|https://festivaldes7collines.com/
328|Actoral|France||STREET|info@actoral.org|nan|||0||September-Oktober||||UNKNOWN|http://www.actoral.org/
329|Animaijuin - Petit Quevilly|France||STREET|online|nan|||0||nan||||UNKNOWN|https://www.petit-quevilly.fr/bouger-et-sortir/evenements/animaijuin
330|Archaos, pole national cirque|France||STREET|contact@archaos.fr|nan|||0||nan||||UNKNOWN|https://www.archaos.fr/fr
331|Arto|France||STREET|contact.arto@gmail.com|nan|||0||nan||||UNKNOWN|https://www.festivalramonville-arto.fr/
332|Baraka Circo -passing 65|France||STREET|cirque@passing65.fr|nan|||0||Juni||||UNKNOWN|http://www.passing65.fr/contact/
333|Bigoud n Jongle|France||STREET|jongle.et.rit@gmail.com|nan|||0||nan||||UNKNOWN|nan
334|chalons dans la rue|France||STREET|online|nan|||0||nan||||UNKNOWN|nan
335|CIRCA|France||STREET|marc.fouilland@circa.auch.fr
camille.charru@circa.auch.fr|Marc FOUILLAND
Camille CHARRU (Produktion und Programmation)|||0||oktober||||UNKNOWN|http://www.circa.auch.fr
336|Éclats de rue|France||STREET|eclatsderue@caen.fr|nan|||0||nan||||UNKNOWN|https://caen.fr/eclats-de-rue
337|FAB Festival|France||STREET|contact@festivalbordeaux.com|nan|||0||nan||||UNKNOWN|https://fab.festivalbordeaux.com/
338|Festival Artiste de rue|France||STREET|online|nan|||0||nan||||UNKNOWN|https://www.artistesderue.ch/les-artistes/
339|festival Hautes Tensions|France||STREET|r.benanti@villette.com|raffaella benanti|||0||nan||||UNKNOWN|https://lavillette.com/
340|Festival Hophophop|France||STREET|https://www.festivalhophophop.com/contact|nan|||0||nan||||UNKNOWN|www.festivalhophophop.com
341|Festival L'Avant Curieux - Nantes|France||STREET|elsa[@]avantcourrier.fr|nan|||0||Oktober/ November||||UNKNOWN|http://avantcourrier.fr/a-nantes/festival/
342|Festival Marionnette|France||STREET|zusammen mit Formular an: offderue@mairie-charlevillemezieres.fr|Anne-Françoise Cabanis|||0||September||||UNKNOWN|https://www.festival-marionnette.com/fr/
343|Festival PERSPECTIVES|France||STREET|martha.kaiser@festival-perspectives.de celia.galiny@festival-perspectives.de|Martha Kaiser und Célia Galiny|||0||nan||||UNKNOWN|https://www.festival-perspectives.de/perspectives/ueber-das-festival-perspectives
344|Festival Rue des Étoiles|France||STREET|crabb[at]orange.fr|nan|||0||nan||||UNKNOWN|https://www.crabb.fr/spectacles-festival/
345|Festival Spring|France||STREET|nan|nan|||0||March||||UNKNOWN|https://www.festival-spring.eu/
346|Festival Théâtrale du Val-d'Oise|France||STREET|dir@thea-valdoise.org|Véronique Léculée|||0||sept-jeun||||UNKNOWN|http://www.thea-valdoise.org
347|Festival Val d'Oise|France||STREET|cap.domont@orange.fr|nan|||0||nan||||UNKNOWN|http://www.cirqueduvaldoise.fr/
348|Mimos|France||STREET|https://www.mimos.fr/contact|mime|||0||july||||UNKNOWN|https://www.mimos.fr/contact
349|Mime Fest|Czech||STREET|mimefest@gmail.com|Mime|||0||nan||||UNKNOWN|mimefest.cz/en/
350|GBG Mime Fest|Sweden||STREET|opencall@gbgmimefest.se|nan|||0||September 2024||||UNKNOWN|gbgmimefest.se
351|festival COS Reus|Spain||STREET|festivalcos@reus.cat|nan|||0||nan||||UNKNOWN|www.cosreus.cat
352|Chapêlmême|France||STREET|chapelmele@gmail.com|nan|||0||Mai||||UNKNOWN|https://chapelmele.com/
353|Mimages|France||STREET|http://www.mimages.fr/contact/; or info@claireheggen-tdm.com|mime, online|||0||Mars||||UNKNOWN|http://www.mimages.fr/
354|Festival Gavarnie|France||STREET|contact[@]festival-gavarnie.com|nan|||0||juillet-aout||||UNKNOWN|www.festival-gavarnie.com
355|Festival Villeneuve en scene|France||STREET|contact@festivalvilleneuveenscene.com|nan|||0||juillet||||UNKNOWN|http://www.festivalvilleneuveenscene.com
356|Cratère Surface|France||STREET|info@lecratere.fr|nan|||0||juillet||||UNKNOWN|cratere-surfaces.com
357|Pringtemps des comédiens|France||STREET|billetterie@printempsdescomediens.com|nan|||0||juin||||UNKNOWN|printempsdescomediens.com
358|Festival Rue et Cies|France||STREET|isabelle.sartori@epinal.fr|nan|||0||juin||||UNKNOWN|www.ruesetcies.fr
359|coup de theatre|France||STREET|contact@agitateursdereves.org|nan|||0||september||||UNKNOWN|www.coupdetheatre.org
360|MimSueca|Spain||STREET|mimdireccio@gmail.com|mime|||0||september||||UNKNOWN|mimsueca.com
361|Furie|France||STREET|furieusement[@]furies.fr dt@furies.fr audrey.jehanno@furies.fr audrey.jehanno@lepalc.fr|nan|||0||nan||||UNKNOWN|https://www.furies.fr/Furies-2021.html
362|Jongle o Pais|France||STREET|contact@laribouldingue.com|nan|||0||nan||||UNKNOWN|nan
363|Jours [et nuits] de cirque(s)|France||STREET|chloe.beron@gmail.com|Mlle Chloé BERON|||0||September||||UNKNOWN|http://joursetnuitsdecirques.fr/
364|La Cascade - Festival D'Alba|France||STREET|m.rascalou@lacascade.org|nan|||0||nan||||UNKNOWN|https://lefestivaldalba.org/lequipe/
365|Le Mans fait son Cirque|France||STREET|online|nan|||0||nan||||UNKNOWN|https://www.lemansfaitsoncirque.fr/
366|Les Escal'Pades|France||STREET|mairie@witry-les-reims.fr 33 3 26 97 02 25|nan|||0||nan||||UNKNOWN|http://www.witry-les-reims.fr/agenda_witry-les-reims-160
367|PARIS QUARTIER L’ÉTÉ|France||STREET|stephane.ricordel@lemonfort.fr|Laurence de Magalhaes et Stéphane Ricordel|||0||nan||||UNKNOWN|https://www.parislete.fr/
368|Plus Petit Cirque du Monde|France||STREET|gaetan@ppcm.fr|Gaëtan LEVEQUE|||0||nan||||UNKNOWN|www.lepluspetitcirquedumonde.fr
369|Saperli Puppet|FRance||STREET|festivalsaperlipuppet@orange.fr|nan|||0||nan||||UNKNOWN|http://saperlipuppet.com/
370|Sortie de bain|france||STREET|nan|Online Formular|||0||nan||||UNKNOWN|http://www.sortiesdebain.com/
371|Athens Circus Festival|Griechenland||STREET|circusdayz@gmail.com|nan|||0||nan||||UNKNOWN|https://www.allaboutfestivals.gr/en/festivals/athens-circus-festival-2-2/
372|Epidaurus Festival|Griechenland||STREET|artisticdirector@aefestival.gr|nan|||0||nan||||UNKNOWN|aefestival.gr/?lang=en
373|Kalamata Dance Festival|Griechenland||STREET|mail@kalamatadancefestival.gr|nan|||0||nan||||UNKNOWN|https://kalamatadancefestival.gr/en/
374|Noorderzon Festival|Groningen||STREET|info@noorderzon.nl|nan|||0||nan||||UNKNOWN|https://www.noorderzon.nl/en/
375|5-3-1 Festival|Helsinki||STREET|info@531festival.com|nan|||0||Oktober||||UNKNOWN|http://www.531festival.com/
376|Tagträummerinen-festival Horn|Horn||STREET|Holger Schober-Dufek
h.schober-dufek@tagtraeumerinnen.at

Katharina Schober-Dufek k.schober-dufek@tagtraeumerinnen.at|nan|||0||nan||||UNKNOWN|https://tagtraeumerinnen.at/
377|FESTIVAL DES ARTS DE LA RUE A HUY|Huy||STREET|info@1x1soir.be|nan|||0||nan||||UNKNOWN|https://1x1soir.be/
378|National Circus Festival Ireland|Ireland||STREET|ONLINE https://circusfestival.ie/contact/|nan|||0||Nov||||UNKNOWN|https://circusfestival.ie/programme/
379|Isny|Isny||STREET|info@theaterfestival-isny.de|nan|||0||nan||||UNKNOWN|https://theaterfestival-isny.de/
380|Festival Mirabilia|Italien||STREET|info(at)festivalmirabilia.it|nan|||0||nan||||UNKNOWN|https://www.festivalmirabilia.it/mirabilia-2021/spettacoli
381|la luna nel pozzo|italien||STREET|carichisospesi@gmail.com|nan|||0||nan||||UNKNOWN|lalunanelpozzofestival.it
382|Lonato in festival|italien||STREET|direzione@lonatoinfestival.it|nan|||0||nan||||UNKNOWN|http://www.lonatoinfestival.it
383|Lunathica|Italien||STREET|online application form|nan|||0||nan||||UNKNOWN|http://lnx.lunathica.it/lun/
384|mercanti a certaldo|italien||STREET|teatro@mercantiacertaldo.it|nan|||0||nan||||UNKNOWN|mercantiacertaldo.it
385|mirabila festival|italien||STREET|info@festivalmirabilia.it|nan|||0||nan||||UNKNOWN|festivalmirabilia.it
386|Sul Filo del Circo|Italien||STREET|info@sulfilodelcirco.com|nan|||0||nan||||UNKNOWN|https://www.sulfilodelcirco.com/
387|Tutti matti per Colorno|italien||STREET|info@tuttimattipercolorno.it|nan|||0||nan||||UNKNOWN|https://www.tuttimattipercolorno.it
388|valdemone festival|italien||STREET|valdemonefestival@gmail.com|nan|||0||nan||||UNKNOWN|valdemonefestival.com
389|Circum Navigando Festival|Italy||STREET|info@sarabanda-associazione.it|nan|||0||nan||||UNKNOWN|https://www.sarabanda-associazione.it/en/circumnavigando-since-2001-international-festival-of-circus-theatre/
390|Flaniermeile Klagenfurt|Klagenfurt||STREET|info@velden.at|nan|||0||nan||||UNKNOWN|https://www.facebook.com/flaniermeile/
391|Klagenfurt Festival|Klagenfurt||STREET|assistenz@klagenfurtfestival.com|nan|||0||nan||||UNKNOWN|https://www.klagenfurtfestival.com/
392|Chuncheon mime Festival|KOREA!||STREET|nan|nan|||0||nan||||UNKNOWN|http://mimefestival.com/
393|New Circus Weekend|Lativa||STREET|jolita@menuspaustuve.lt / ineta@menuspaustuve.lt|Jolita Balandytė / Ineta Pliekaitytė|||0||nan||||UNKNOWN|https://www.menuspaustuve.lt/lt/?fbclid=IwAR2nfn7RTxrlzSfNuqUyy7SSP49aOUv2zsJfL27TzrCLU4cGGvGdOxJOaa4
394|euro-scene Leipzig|Deutschland||STREET|info@euro-scene.de|nan|||0||nan||||UNKNOWN|https://euro-scene.de/
395|ReRiga! Criks|Lettland||STREET|cirks@cirks.lv|nan|||0||nan||||UNKNOWN|https://cirks.lv/en
396|Pflasterspektakel Linz|Linz||STREET|pflasterspektakel@linz.at|nan|||0||nan||||UNKNOWN|https://pflasterspektakel.at/de/
397|Greenwich Docklands|London||STREET|marie (@) festival.org Marie Faucher eleanor (@) festival.org Ellie Harris|marie (@) festival.org Marie Faucher eleanor (@) festival.org Ellie Harris|||0||nan||||UNKNOWN|https://festival.org/
398|Theaterfestival Maribor|Maribor||STREET|info@borstnikovo.si|Same as 277|||0||nan||||UNKNOWN|https://www.visitmaribor.si/de/was-unternehmen/ereignisse-und-veranstaltungen/alle-ereignisse-und-veranstaltungen/5925-
399|Lokomotion|Mazedonien||STREET|contact@lokomotiva.org.mk|nan|||0||nan||||UNKNOWN|https://www.lokomotiva.org.mk/lokomotion-festival/
400|MLADI LEVI|MLADI LEVI||STREET|info@bunker.si|nan|||0||nan||||UNKNOWN|https://www.bunker.si/en/mladi-levi-international-festival/
401|Kaskade Festival|Niederösterreich||STREET|office@urhof20.at|nan|||0||nan||||UNKNOWN|https://www.facebook.com/events/226941424921460/
402|Nitra Festival|Nitra, Solvakei||STREET|nitrafest@nitrafest.sk|nan|||0||september||||UNKNOWN|https://nitrafest.sk/en/festival-2019/
403|Non Stop|Norway||STREET|post@nonstopfestivalen.no|nan|||0||nan||||UNKNOWN|http://www.nonstopfestivalen.com/
404|Baredans Bodø Biennale|Norwegen||STREET|info.baredans@gmail.com|nan|||0||nan||||UNKNOWN|https://www.baredans.no/
405|Bergen International Festival|Norwegen||STREET|program@fib.no|nan|||0||nan||||UNKNOWN|https://www.fib.no
406|DanseFestival Barents|Norwegen||STREET|post@dansefestivalbarents.no|nan|||0||nan||||UNKNOWN|https://www.dansefestivalbarents.no/
407|Festspillene Helgeland|Norwegen||STREET|carl.ninian@festspillenehelgeland.no|nan|||0||nan||||UNKNOWN|https://www.festspillenehelgeland.no
408|Molde Dansefestival|Norwegen||STREET|molde.dansefestival@gmail.com|nan|||0||nan||||UNKNOWN|https://www.moldedansefestival.com
409|Multiplié Dansefestival|Norwegen||STREET|Nina Therese Aune  nina(at)dansit.no/|nan|||0||nan||||UNKNOWN|http://www.dansit.no/events/multiplie/
410|Porsgrunn Festival|Norwegen||STREET|post@pitfestival.no|nan|||0||nan||||UNKNOWN|https://pitfestival.no/en/
411|RosenDal Theater|Norwegen||STREET|Nina Bjørklund nina@rosendalteater.no|nan|||0||nan||||UNKNOWN|https://rosendalteater.no/
412|Showbox Performing Arts Festival|Norwegen||STREET|Ådne Sekkelsten: 915 24 645
aadne@scenekunstbruket.no|nan|||0||november dec||||UNKNOWN|https://www.showbox.no/
413|Stamsund Teaterfestival|Norwegen||STREET|info@stamfest.no|nan|||0||nan||||UNKNOWN|https://stamfest.no/nb/
414|Teaterfestivalen i Fjaler|Norwegen||STREET|teaterfestivalenifjaler@gmail.com|nan|||0||nan||||UNKNOWN|https://teaterfestivalenifjaler.no/
415|Vinterfestuka|Norwegen||STREET|Aili Forsenius aili@vinterfestuka.no|nan|||0||nan||||UNKNOWN|https://www.vinterfestuka.no/
416|WUK|Österreich||STREET|esther.holland-merten@wuk.at|Esther Holland-Merten|||0||nan||||UNKNOWN|https://www.wuk.at/performance-tanz-theater/
417|Les Noctombules|Paris||STREET|arenesdenanterre@free.fr|nan|||0||nan||||UNKNOWN|https://www.les-noctambules.com/fr/accueil.html
418|Quinzenca de Danca de Almada|Portugal||STREET|quinzena@cdanca-almada.pt|nan|||0||Sept/Oct||||UNKNOWN|https://quinzenadedancadealmada.cdanca-almada.pt/
419|Cupula Circus Village|Portugal||STREET|festivalcupula@inac.com.pt|nan|||0||nan||||UNKNOWN|https://apachecirque.wixsite.com/festivalcupula
420|Encontros do devir|Portugal||STREET|nan|nan|||0||nan||||UNKNOWN|https://www.encontrosdodevir.com/
421|Festival MED|Portugal||STREET|festivalmed@cm-loule.pt|nan|||0||nan||||UNKNOWN|https://www.festivalmed.pt/en/
422|Festival Todos|Portugal||STREET|abreuabreu@gmail.com
(Miguel Abreu)|nan|||0||nan||||UNKNOWN|https://www.festivaltodos.com/festival/
423|Imaginarius|Portugal||STREET|program@imaginarius.pt|nan|||0||September||||UNKNOWN|https://www.imaginarius.pt/en/
424|INAC|Portugal||STREET|nan|nan|||0||nan||||UNKNOWN|https://www.institutonacionaldeartesdocirco.com/residencias
425|LEME - Circo contemporâneo - Festival|Portugal||STREET|23milhas@cm-ilhavo.pt|nan|||0||nov-dec||||UNKNOWN|https://www.23milhas.pt/
426|Quinta das Relvas|Portugal||STREET|nan|nan|||0||nan||||UNKNOWN|https://quintadasrelvas.pt/artists-in-residence/
427|quinzenca 
de Danca de Almada|Portugal||STREET|quinzena@cdanca-almada.pt|nan|||0||nan||||UNKNOWN|https://quinzenadedancadealmada.cdanca-almada.pt
428|UP TO YOU - Festival Internazionale della Creazione Contemporanea|Portugal||STREET|info@indisciplinarte.it|nan|||0||sieht nicht so gut aus||||UNKNOWN|http://www.indisciplinarte.it/article/you-festival-internazionale-della-creazione-contemporanea
429|TOHU|Quebec||STREET|nan|nan|||0||November||||UNKNOWN|https://www.tollhaus.de/de/214/atoll.htmll
430|Riga Circus Residency Programm|Riga||STREET|nan|nan|||0||nan||||UNKNOWN|http://cirks.lv/en/pro/residency-program
431|Karavan Cirkus|Schwedem||STREET|info@karavanmalmo.se|nan|||0||nan||||UNKNOWN|https://karavanmalmo.se/
432|Cirkör Lab|Schweden||STREET|nan|nan|||0||nan||||UNKNOWN|https://cirkor.se/
433|Gotenburg Dance and Theater Festival|Schweden||STREET|info@gdtf.se|nan|||0||nan||||UNKNOWN|https://passagefestival.nu/en/home/
434|Oslo Fringe Festival|Schweden||STREET|oslofringe@salted.no|nan|||0||nan||||UNKNOWN|https://www.oslofringe.no
435|Site|Schweden||STREET|nan|nan|||0||nan||||UNKNOWN|https://sitesweden.se/residens/#
436|Subtopia|Schweden||STREET|info@subtopia.se|nan|||0||nan||||UNKNOWN|https://www.subtopia.se/har-finns/cirkus/subcase/?lang=en
437|Sundsvalls Teater|Schweden||STREET|Frida Amnow frida.amnow@teatervasternorrland.se|nan|||0||nan||||UNKNOWN|https://teatervasternorrland.se/sv/information-in-english/
438|Vitlycke|Schweden||STREET|nan|nan|||0||nan||||UNKNOWN|https://vitlycke.org/program/residencies
439|BewegGrund|Schweiz||STREET|info@beweggrund.org|nan|||0||nan||||UNKNOWN|https://www.beweggrund.org/
440|Bühne Arau|Schweiz||STREET|fricker@buehne-aarau.ch  kelting@buehne-aarau.ch|Marisa Fricker  Peter-Jakob Kelting|||0||nan||||UNKNOWN|https://www.buehne-aarau.ch/
441|Chapiteau D'Alchemie|Schweiz||STREET|contact@alchimie.top|nan|||0||nan||||UNKNOWN|https://alchimie.top/
442|Fernweh Festival|Schweiz||STREET|neff@zirkusschulebern.ch|Barbara Neff|||0||November||||UNKNOWN|https://www.fernwehfestival.com/
443|Festival ZirQus|Schweiz||STREET|kontakt@zirkusquartier.ch|nan|||0||August||||UNKNOWN|https://zirkusquartier.ch/tag/zirqus
444|Gadjo|Schweiz||STREET|gadjo.festival@gmail.com|nan|||0||September||||UNKNOWN|http://www.gadjo.ch/
445|Kaserne Basel|Schweiz||STREET|buero@kaserne-basel.ch|nan|||0||nan||||UNKNOWN|https://www.kaserne-basel.ch/de/uber-uns/kaserne/das-haus
446|Le Zarticirque|Schweiz||STREET|contact@lezarticirque.ch|Yves et Dominique Bugnon|||0||nan||||UNKNOWN|https://lezarticirque.ch/2017/07/13/spectacle-sous-chapiteau-samedi/
447|O'Chap|Schweiz||STREET|marie.wermeille@ochap.ch|Marie Wermeille|||0||nan||||UNKNOWN|https://ochap.ch/
448|Station Circus|Schweiz||STREET|info@stationcircus.ch|nan|||0||nan||||UNKNOWN|https://www.stationcircus.ch/
449|Circobalkana|Serbien||STREET|cirkobalkana@gmail.com|nan|||0||September||||UNKNOWN|http://cirkobalkana.org/en/contact/
450|ACT Festival Sofia|Sofia||STREET|act@actassociation.eu|nan|||0||nan||||UNKNOWN|https://actfest.org/en/
451|Black Box Festival|Sofia||STREET|info@blackbox-fest.com|nan|||0||Only for bulgarians!||||UNKNOWN|http://application.blackbox-fest.com/index.php/lang.en
452|Circ Cric|Spain||STREET|info@circcric.com|nan|||0||nan||||UNKNOWN|https://circcric.com/ca/inici/
453|Circolmedo|Spain||STREET|circolmedo@hotmail.com|nan|||0||Mai||||UNKNOWN|http://circolmedo.blogspot.com/
454|Festival Cantilafont|Spain||STREET|hola@cantilafont.cat|nan|||0||nan||||UNKNOWN|https://cantilafont.cat/
455|Festival Circada|Spain||STREET|director@festivalcircada.com|nan|||0||nan||||UNKNOWN|https://festivalcircada.com/circada-2022/
456|Festival de Circ|Spain||STREET|tubdassaig@gmail.com|nan|||0||nan||||UNKNOWN|https://tubdassaig.com/festival-de-circ/
457|Festival International del Circ|Spain||STREET|info@festivaldelcirc.com|nan|||0||sehr trad||||UNKNOWN|https://www.festivaldelcirc.com/
458|festival kaldearte|spain||STREET|fmarin@vitoria-gasteiz.org|Fernando Marín|||0||nan||||UNKNOWN|http://www.artekale.org
459|firatarrega|Spain||STREET|info@firatarrega.com|nan|||0||wieder im 24||||UNKNOWN|https://www.firatarrega.cat/
460|Firco|Spain||STREET|nan|Only for latinamericans|||0||Oktober||||UNKNOWN|http://www.firco.org/
461|Flic Festival|Spain||STREET|nan|nan|||0||nan||||UNKNOWN|http://flicfestival.com/
462|La Casa encendida|Spain||STREET|nan|nan|||0||nan||||UNKNOWN|https://www.lacasaencendida.es/en/competitions/artistas-residencia/artistas-residencia-2021-2022-12252
463|PrimaverArt|Spain||STREET|info@primaverart.cat|nan|||0||nan||||UNKNOWN|https://www.primaverart.cat/
464|tac festival|spain||STREET|tac@fmcva.org|nan|||0||nan||||UNKNOWN|https://tacva.org/
465|Trapezi Festival|Spain||STREET|oficina@trapezi.cat|nan|||0||nan||||UNKNOWN|https://www.trapezi.cat/
466|Cronopis|Spain, Barcelona||STREET|nan|nan|||0||nan||||UNKNOWN|http://www.cronopis.org/ca/residencies
467|Circomeldo|Spanien||STREET|circolmedo@hotmail.com|nan|||0||nan||||UNKNOWN|http://circolmedo.blogspot.com/
468|Espacio Unico|Spanien||STREET|nan|nan|||0||nan||||UNKNOWN|https://www.crac-espaciounico.org/
469|MalabHaria|Spanien||STREET|online--> https://malabharia.com/convocatoria-365/|nan|||0||Dezember/Januar||||UNKNOWN|https://malabharia.com/
470|Circusmania|Sweden||STREET|cirkusmania@subtopia.se|Linnea Sälquist|||0||nan||||UNKNOWN|https://cirkusmania.se/cirkusmania-in-english/
471|Arsenic – Centre d’art scénique contemporain|Swiss||STREET|info@arsenic.ch|Patrick de Rham|||0||nan||||UNKNOWN|https://arsenic.ch/en/
472|Theatre Crochetan|Swiss||STREET|Lorenzo.Malaguerra@monthey.ch|nan|||0||nan||||UNKNOWN|http://www.crochetan.ch/
473|théâtre du crochetan monthey|Swiss||STREET|lorenzo.malaguerra@monthey.ch|nan|||0||nan||||UNKNOWN|https://www.crochetan.ch/
474|Théâtre Forum Meyrin|Swiss||STREET|info@forum-meyrin.ch|nan|||0||nan||||UNKNOWN|https://www.forum-meyrin.ch/
475|théâtre saint-gervais genève|Swiss||STREET|billetterie@saintgervais.ch|nan|||0||nan||||UNKNOWN|https://saintgervais.ch/
476|Festival Circolo|Tillburg||STREET|Wendy@festivalcircolo.nl|Wendy Moonen|||0||Oktober||||UNKNOWN|https://www.festivalcircolo.nl/
477|JOHAN Centre for Cultural ans Social Projects|Tschechien||STREET|nan|nan|||0||nan||||UNKNOWN|https://www.johancentrum.cz/en/moving-station-ag15/offer-space-en--a670
478|The Plum Yard|Tschechien||STREET|nan|nan|||0||nan||||UNKNOWN|https://www.svestkovydvur.cz/rezidence/
479|Cadir|Turkei, Istanbul||STREET|nan|nan|||0||nan||||UNKNOWN|https://www.cadirstudyo.com/iletisim
480|Brighton Fringe|UK||STREET|takepart@brightonfringe.org|nan|||0||nan||||UNKNOWN|https://www.brightonfringe.org/
481|Circus City Bristol|UK||STREET|programme@bristolcircuscity.com|nan|||0||Sept/Oct||||UNKNOWN|http://www.bristolcircuscity.com/gallery/
482|Circusfest|UK||STREET|online|nan|||0||nan||||UNKNOWN|https://www.roundhouse.org.uk/whats-on/circusfest-2014/
483|Durham Fringe Festival|UK||STREET|Online via eventoron|nan|||0||nan||||UNKNOWN|https://eventotron.com/allseasons.php
484|Inside Out Dorset|UK||STREET|info@activateperformingarts.org.uk|nan|||0||nan||||UNKNOWN|https://activateperformingarts.org.uk/whats-on/inside-out-dorset/
485|London International Mime Festival|UK||STREET|direction@mimelondon.com|nan|||0||nan||||UNKNOWN|https://mimelondon.com/
486|Mint Festival|UK||STREET|info@mintfestival.co.uk|nan|||0||nan||||UNKNOWN|https://www.mintfestival.co.uk/
487|Out There Festival|UK||STREET|hello@outtherearts.org.uk|nan|||0||September||||UNKNOWN|https://outtherearts.org.uk/contact/
488|XTRAX Freedom Festival|UK||STREET|info@freedomfestival.co.uk|Mikey Martins|||0||Aug/Sept||||UNKNOWN|https://www.freedomfestival.co.uk/
489|Théatre de L’Arsenal (Val-de-Reuil, Fr)|Val de Reuil||STREET|romain.chatignon@theatredelarsenal.fr|Romain Chatillon|||0||nan||||UNKNOWN|https://www.valdereuil.fr/la-culture/le-theatre-de-larsenal
490|Straßenkunstfestival|Villach||STREET|office@stadtmarketing-villach.at|nan|||0||nan||||UNKNOWN|https://villach.at/stadt-erleben/kultur/strassenkunstfestival
491|The Circus Village|Wales||STREET|contact@thecircusvillage.org|nan|||0||nan||||UNKNOWN|https://www.thecircusvillage.org/en/
492|Werne an der Lippe|Werne||STREET|Zeitwanderer Application|nan|||0||nan||||UNKNOWN|Zeitwanderer.at
493|NIMAC|Zypern||STREET|nan|nan|||0||nan||||UNKNOWN|https://nimac.org.cy/nimac/cultural-programmes/
494|Azimut|nan||STREET|programmation@l-azimut.fr|3 Lieux: l’Espace Cirque à Antony, Théâtre Firmin Gémier,  Théâtre La Piscine à Châtenay-Malabry|||0||nan||||UNKNOWN|https://l-azimut.fr/le-theatre/les-lieux/
495|Espace 1789|nan||STREET|resa@espace-1789.com|nan|||0||nan||||UNKNOWN|https://espace-1789.com/
496|Front@|nan||STREET|flota@flota.si|nan|||0||nan||||UNKNOWN|https://www.visitmurskasobota.si/dogodek/15-front/?lang=de
497|ibla buskers|nan||STREET|info@iblabuskers.it|nan|||0||nan||||UNKNOWN|iblabuskers.it
498|La Briqueterie|nan||STREET|accueil@labriqueterie.org|nan|||0||nan||||UNKNOWN|https://www.labriqueterie.org/?fbclid=IwAR1DOXi_itz8F4WxuwOqwxcbCs2QWl0_ZSiWzGvhDpztTkkYs86_7jhgkDM
499|La Villette|nan||STREET|online|nan|||0||nan||||UNKNOWN|https://lavillette.com/
500|Fira de Circ al Carrer la Bisbal d'Emporda|Spain||STREET|correu@firadecirc.org|nan|||0||15-17 Juli||||UNKNOWN|https://www.firadecirc.org/ca/
501|Duckstein Festival|Deutschalnd||STREET|booking@bergmanngruppe.de|nan|||0||nan||||UNKNOWN|https://www.duckstein.de/festivals-events/duckstein-festival-hafencity-hamburg/
502|Kunsten Op Straat|Holland||STREET|info@kunstenopstraat.nl|nan|||0||2-4. Sept.||||UNKNOWN|https://heimland.nl/
503|La Rue des Artistes|France||STREET|atoutmonde@wanadoo.fr|nan|||0||Juin||||UNKNOWN|https://laruedesartistes.fr/
504|Baixa Street Fest|Portugal||STREET|nan|nan|||0||nan||||UNKNOWN|http://baixastreetfest.pt/
505|L'Échapée de rue (Die)|France||STREET|artistique@theatre-les-aires.com|nan|||0||nan||||UNKNOWN|https://theatre-les-aires.com/echappee-des-rues-22/
506|Les Affranchis - Spectacle de rue|France||STREET|Application document: https://docs.google.com/forms/d/e/1FAIpQLSfd9SAh3PJlWDsLFzanXYJJDRLohSrBhhQkrnfZwo_Hs2_5mA/viewform|nan|||0||nan||||UNKNOWN|https://lecarroi.org/les-affranchis-off/
507|Kinderfestival Bolzano|Italien||STREET|info@kinderfestival.it|nan|||0||nan||||UNKNOWN|https://www.kinderfestival.it//I_Home.Asp
508|Bascherdeis Festival|Italien||STREET|appenninocultura@gmail.com|nan|||0||nan||||UNKNOWN|https://www.bascherdeis.it/
509|Il Paese dei Balocchi Festival|Italien||STREET|promozione.mondoamabile@gmail.com|nan|||0||nan||||UNKNOWN|https://www.ilpaesedeibalocchifestival.it/
510|Di Strada en Strada|Italien||STREET|distrada92@gmail.com|nan|||0||nan||||UNKNOWN|https://www.distradainstrada.com/
511|Festival sous les arbres|France||STREET|domas.julie@gmail.com|nan|||0||nan||||UNKNOWN|https://www.festivaldanslesarbres.fr/le-festival/
512|Les Estivales de Vannes|France||STREET|c.sebire@ville-vanves.fr  a.charbey@ville-vanves.fr|Clémence Sébire, Anouchka Charbey|||0||nan||||UNKNOWN|https://www.theatre-vanves.fr/evenement/les-estivales-de-vanves-2022/
513|Festival les Arroseurs|France||STREET|info@lesarroseurs.com|nan|||0||nan||||UNKNOWN|https://www.lesarroseurs.com/
514|Festival Les années joué, Joué les tours|France||STREET|com@jouelestours.fr|nan|||0||nan||||UNKNOWN|https://www.facebook.com/anneesjoue/
515|Festival Cergy Soit – Cergy Pontoise|France||STREET|cergysoit@cergy.fr|nan|||0||nan||||UNKNOWN|https://www.cergysoit.fr/accueil/
516|Festival Frictions – Château Rouge – Annemasse|France||STREET|accueil@chateau-rouge.net|nan|||0||nan||||UNKNOWN|https://www.chateau-rouge.net/frictions/
517|Festival Pic-vert, Vallée d'Ossau|France||STREET|culture@cc-ossau.fr|nan|||0||nan||||UNKNOWN|https://www.eteossalois.fr/pic-vert-festival/
518|Festival les Zaccros d´ma Rue|France||STREET|festival@zaccros.org with "coup de pouce" in subject email|nan|||0||nan||||UNKNOWN|https://www.zaccros.org/
519|Cest is Best|Croatien||STREET|zlatan@proglas.biz|nan|||0||nan||||UNKNOWN|https://www.cestisdbest.com/
520|ŠPANCIRFEST|Croatien||STREET|info@spancirfest.com|nan|||0||nan||||UNKNOWN|https://www.spancirfest.com/
521|MUJA BUSKERS FESTIVAL|Italien||STREET|info@mujabusker.com|nan|||0||nan||||UNKNOWN|https://www.mujabusker.com/
522|LONDON|nan||STREET|nan|nan|||0||nan||||UNKNOWN|nan
523|Off the Radar Festival (Musik&Kunst)|nan||STREET|booking@offtheradar.net|nan|||0||nan||||UNKNOWN|https://www.facebook.com/offtheradar2021/
524|PARIS|nan||STREET|nan|nan|||0||nan||||UNKNOWN|nan
525|Philo new additions|nan||STREET|nan|nan|||0||nan||||UNKNOWN|nan
526|Scène et ciné|nan||STREET|cdeperetti@scenesetcines.fr|nan|||0||nan||||UNKNOWN|https://www.scenesetcines.fr/les-theatres/theatre-de-lolivier/
527|Wilde Möhre|nan||STREET|carotta@wildemoehre.org|nan|||0||nan||||UNKNOWN|https://wildemoehrefestival.de/
531|Test Festival||||||||0|||||||
532|Aufgetischt St.Gallen|Switzerland|St.Gallen|STREET|||2025-05-09|2025-05-11|0||mid May|The largest street art festival in Eastern Switzerland, featuring over 100 artists from 26 nations presenting around 400 shows, including acrobatics, music, comedy, and dance, along with a diverse selection of street food.|||UNKNOWN|https://www.aufgetischt.sg/
533|Asfaltart|Italy|Merano|STREET|||2025-06-06|2025-06-08|0||early June|The Asfaltart International Street Art Festival transforms Merano into a vibrant open-air arena with over 200 performances by clowns, acrobats, dancers, fire-breathers, jugglers, tightrope walkers, and musicians from around the world. The festival includes events in Schenna and Dorf Tirol, with a parade, fire shows, high-wire acts, street theater, and culinary delights. It is a family-friendly event emphasizing sustainability as an official GreenEvent.|||UNKNOWN|https://asfaltart.it/
